SME_ID,Industry,Emirate,Business_Age,Monthly_Revenue,Revenue_Growth,Revenue_Volatility,Transaction_Volume,Receivable_Days,Payable_Days,Cash_Buffer,Financing_Requirement,Repayment_Behaviour
SME0001,Professional Services,Dubai,2.0,58064,0.007,0.213,106,106,34,6,99319,Good
SME0002,F&B,Abu Dhabi,1.7,38483,0.155,0.132,79,47,14,34,29734,Poor
SME0003,Trading,Dubai,3.1,40430,0.041,0.213,75,58,31,54,33055,Excellent
SME0004,Manufacturing,Dubai,2.9,223490,-0.231,0.144,364,13,66,16,208560,Excellent
SME0005,Retail,Abu Dhabi,4.1,133173,0.298,0.02,266,55,28,80,141428,Good
SME0006,Hospitality,Dubai,6.8,486243,-0.35,0.493,2118,95,21,24,453909,Excellent
SME0007,Professional Services,Fujairah,4.5,55634,-0.018,0.353,144,35,21,25,60096,Fair
SME0008,Professional Services,Dubai,8.3,126289,-0.056,0.242,237,42,34,44,81540,Fair
SME0009,Retail,Sharjah,3.8,142316,0.113,0.198,380,47,30,35,153929,Excellent
SME0010,F&B,Abu Dhabi,13.7,74736,0.204,0.115,116,46,40,9,95741,Poor
SME0011,Logistics,Sharjah,8.1,267012,0.328,0.04,604,30,18,16,361543,Excellent
SME0012,Trading,Abu Dhabi,5.7,295203,-0.077,0.084,641,23,24,49,203907,Fair
SME0013,Healthcare,Abu Dhabi,6.8,172926,0.209,0.388,296,51,44,35,144012,Good
SME0014,Professional Services,Fujairah,3.1,79011,0.123,0.328,185,22,46,80,75507,Fair
SME0015,F&B,Dubai,4.0,68431,-0.297,0.183,145,91,47,32,100407,Excellent
SME0016,E-commerce,Dubai,3.9,39229,0.498,0.18,70,41,41,36,54113,Poor
SME0017,Construction,Sharjah,2.6,87990,-0.237,0.208,322,75,42,14,72555,Poor
SME0018,Retail,Ajman,1.4,64299,0.172,0.062,155,74,31,54,78840,Good
SME0019,Professional Services,Dubai,7.1,37770,0.166,0.057,69,22,10,3,37135,Good
SME0020,Healthcare,Abu Dhabi,9.2,190281,0.141,0.281,416,65,10,28,183861,Good
SME0021,Professional Services,Ras Al Khaimah,6.4,271515,-0.029,0.214,434,86,28,37,244576,Good
SME0022,Logistics,Sharjah,4.5,65546,0.262,0.175,251,85,29,30,74075,Good
SME0023,Hospitality,Umm Al Quwain,17.7,145760,-0.263,0.172,590,21,15,24,112736,Good
SME0024,Trading,Abu Dhabi,2.9,63416,0.066,0.152,117,62,16,22,62176,Fair
SME0025,Professional Services,Sharjah,5.8,75770,-0.044,0.145,137,24,25,25,79358,Good
SME0026,E-commerce,Dubai,10.0,69772,-0.069,0.442,163,40,88,10,69889,Excellent
SME0027,F&B,Fujairah,1.9,154677,0.174,0.074,311,37,13,30,160354,Poor
SME0028,Retail,Dubai,7.4,61269,0.317,0.128,114,19,20,14,57704,Excellent
SME0029,Retail,Sharjah,14.3,257793,0.004,0.602,732,68,46,16,353934,Excellent
SME0030,Manufacturing,Dubai,4.8,150507,0.252,0.385,412,28,41,9,131804,Poor
SME0031,Manufacturing,Abu Dhabi,5.4,106774,0.091,0.205,226,40,32,120,61277,Excellent
SME0032,Hospitality,Sharjah,2.9,39477,-0.116,0.286,71,74,6,29,46439,Excellent
SME0033,Logistics,Abu Dhabi,6.8,175885,0.023,0.219,567,15,23,8,180331,Good
SME0034,Logistics,Ras Al Khaimah,2.6,303549,0.014,0.402,712,44,74,27,348908,Fair
SME0035,F&B,Dubai,4.6,116985,-0.073,0.14,278,81,15,53,115121,Excellent
SME0036,E-commerce,Sharjah,1.3,841355,0.174,0.126,1682,43,15,30,849971,Good
SME0037,Retail,Dubai,0.5,367809,0.132,0.182,819,14,64,24,306738,Excellent
SME0038,F&B,Dubai,3.3,71402,-0.27,0.428,186,19,25,13,66326,Good
SME0039,E-commerce,Abu Dhabi,3.3,95745,-0.283,0.086,160,150,7,30,126875,Good
SME0040,Manufacturing,Dubai,3.6,276474,0.173,0.39,718,22,12,41,240401,Excellent
SME0041,F&B,Dubai,8.0,45486,-0.099,0.237,110,29,18,41,26986,Poor
SME0042,Professional Services,Sharjah,9.3,264603,0.146,0.156,1022,117,31,28,486243,Good
SME0043,Manufacturing,Sharjah,6.0,252203,0.252,0.445,692,49,23,28,227394,Fair
SME0044,Logistics,Sharjah,7.6,176373,-0.2,0.123,345,33,14,59,119746,Poor
SME0045,Professional Services,Dubai,2.6,176055,-0.231,0.409,360,48,24,55,192812,Poor
SME0046,Professional Services,Dubai,2.1,424660,0.448,0.347,814,133,15,21,893585,Fair
SME0047,Logistics,Dubai,6.8,164009,0.157,0.227,318,49,77,76,163520,Good
SME0048,E-commerce,Sharjah,1.9,113969,-0.012,0.667,163,53,11,8,134263,Fair
SME0049,Manufacturing,Ras Al Khaimah,1.7,668666,-0.125,0.093,1856,30,20,29,448828,Good
SME0050,Retail,Dubai,23.7,248306,-0.032,0.144,971,47,18,31,282327,Excellent
SME0051,E-commerce,Sharjah,5.0,95505,-0.182,0.328,295,26,18,12,75486,Good
SME0052,Retail,Dubai,3.3,109580,0.274,0.449,300,78,12,6,204822,Good
SME0053,Professional Services,Dubai,3.0,115927,-0.091,0.554,348,31,61,13,92385,Good
SME0054,Manufacturing,Dubai,1.3,252248,0.321,0.439,547,38,92,47,316590,Fair
SME0055,Manufacturing,Dubai,5.9,58543,-0.008,0.349,98,28,34,48,48373,Good
SME0056,Professional Services,Sharjah,3.8,26464,-0.15,0.487,42,46,32,40,19150,Excellent
SME0057,F&B,Ras Al Khaimah,9.1,43617,-0.014,0.063,85,104,8,14,51907,Excellent
SME0058,Construction,Dubai,7.0,76878,-0.35,0.126,109,67,60,48,89098,Fair
SME0059,Retail,Abu Dhabi,3.7,63117,0.053,0.08,155,27,15,15,50912,Good
SME0060,Retail,Sharjah,0.7,187120,0.043,0.252,736,56,7,30,250557,Good
SME0061,Manufacturing,Fujairah,5.1,160659,0.261,0.333,279,57,38,25,180806,Fair
SME0062,F&B,Abu Dhabi,4.7,109581,-0.335,0.105,478,63,51,19,127481,Fair
SME0063,Construction,Dubai,0.5,61657,0.336,0.336,172,66,60,38,89171,Good
SME0064,Professional Services,Abu Dhabi,6.4,66320,0.261,0.238,129,23,20,43,68553,Good
SME0065,Healthcare,Dubai,1.8,215667,0.355,0.228,493,26,18,13,299459,Excellent
SME0066,Construction,Umm Al Quwain,9.5,289443,0.068,0.278,678,54,30,26,357490,Poor
SME0067,Construction,Dubai,4.5,94289,0.303,0.236,306,29,23,42,113687,Good
SME0068,Logistics,Sharjah,2.9,162719,-0.244,0.218,363,22,38,1,160459,Fair
SME0069,Retail,Dubai,5.6,707166,0.237,0.069,1240,33,31,33,838452,Excellent
SME0070,F&B,Dubai,5.3,91356,-0.09,0.098,202,41,14,43,76141,Good
SME0071,E-commerce,Ras Al Khaimah,5.2,69602,-0.283,0.066,199,23,61,34,43045,Good
SME0072,F&B,Abu Dhabi,8.7,80000,-0.167,0.138,266,53,38,35,61956,Good
SME0073,Trading,Abu Dhabi,5.8,165185,0.081,0.371,468,12,50,23,158159,Fair
SME0074,E-commerce,Fujairah,2.7,110334,-0.101,0.12,222,31,15,41,117135,Fair
SME0075,Retail,Ras Al Khaimah,3.9,106229,0.163,0.182,216,32,38,9,85716,Good
SME0076,E-commerce,Dubai,11.7,36785,-0.318,0.294,104,15,44,13,32971,Fair
SME0077,Logistics,Abu Dhabi,2.5,62575,-0.35,0.238,339,118,30,35,68455,Excellent
SME0078,Manufacturing,Abu Dhabi,6.4,163357,0.382,0.166,326,32,12,41,206695,Good
SME0079,Construction,Abu Dhabi,8.9,151680,0.279,0.315,443,51,28,53,203433,Excellent
SME0080,Professional Services,Dubai,6.8,60681,-0.151,0.291,114,28,42,69,50254,Good
SME0081,Manufacturing,Dubai,5.1,159559,0.079,0.395,444,15,52,14,171322,Poor
SME0082,F&B,Ras Al Khaimah,5.7,97669,0.304,0.151,295,15,9,10,134440,Excellent
SME0083,Professional Services,Fujairah,7.1,209115,0.172,0.155,446,22,30,46,147686,Poor
SME0084,E-commerce,Ajman,2.5,115316,0.113,0.242,157,29,10,18,119600,Good
SME0085,Retail,Umm Al Quwain,4.8,153160,0.321,0.141,284,12,42,24,148166,Fair
SME0086,Retail,Sharjah,17.7,68847,-0.081,0.028,148,17,49,43,66442,Excellent
SME0087,Manufacturing,Sharjah,6.5,301616,0.087,0.3,612,122,14,29,497874,Good
SME0088,F&B,Sharjah,5.2,127625,0.076,0.482,532,37,12,40,92817,Poor
SME0089,E-commerce,Abu Dhabi,3.6,261897,0.02,0.198,831,22,18,13,205208,Good
SME0090,F&B,Abu Dhabi,2.5,170063,-0.006,0.221,1144,13,24,31,131758,Good
SME0091,Retail,Dubai,5.8,179948,0.096,0.152,274,15,16,31,206658,Fair
SME0092,Manufacturing,Sharjah,6.1,170582,0.088,0.458,269,41,44,53,121925,Fair
SME0093,F&B,Dubai,4.5,114197,-0.151,0.047,230,73,52,61,115485,Excellent
SME0094,Logistics,Dubai,22.2,350231,0.256,0.431,751,49,29,18,401113,Fair
SME0095,Logistics,Abu Dhabi,2.7,81479,-0.135,0.418,309,14,16,11,77638,Fair
SME0096,Healthcare,Dubai,2.2,76740,0.032,0.228,181,41,23,41,77240,Fair
SME0097,Logistics,Dubai,3.7,165476,0.015,0.154,249,86,29,6,175327,Good
SME0098,Retail,Ajman,4.6,155280,0.159,0.37,333,33,23,43,182137,Good
SME0099,Retail,Ras Al Khaimah,2.4,54150,-0.35,0.357,142,49,25,46,37302,Poor
SME0100,Hospitality,Dubai,5.7,107500,0.276,0.26,450,34,50,17,155795,Good
SME0101,Trading,Dubai,6.1,141008,-0.069,0.061,229,55,16,2,129061,Good
SME0102,Manufacturing,Dubai,7.7,28216,0.348,0.508,64,24,81,49,33263,Poor
SME0103,E-commerce,Ajman,3.2,104100,-0.025,0.199,435,2,29,63,58946,Excellent
SME0104,Hospitality,Ajman,11.1,100215,0.069,0.296,296,18,22,61,82732,Good
SME0105,Professional Services,Dubai,7.3,85681,0.501,0.044,289,30,15,62,91940,Fair
SME0106,Manufacturing,Sharjah,2.7,617945,0.019,0.054,1423,39,16,8,659998,Fair
SME0107,F&B,Dubai,2.4,32993,0.353,0.071,69,31,27,26,28919,Poor
SME0108,E-commerce,Dubai,3.9,62245,0.089,0.301,160,31,29,31,55761,Fair
SME0109,Retail,Umm Al Quwain,6.1,18000,0.171,0.431,33,74,21,28,27249,Good
SME0110,Trading,Dubai,6.8,101488,0.095,0.053,221,20,10,40,88129,Good
SME0111,F&B,Dubai,7.3,66250,0.267,0.243,115,42,27,11,84043,Excellent
SME0112,E-commerce,Abu Dhabi,17.0,81331,-0.071,0.465,200,14,17,6,78075,Poor
SME0113,Logistics,Abu Dhabi,0.9,363629,-0.136,0.034,446,62,7,4,395589,Excellent
SME0114,Construction,Fujairah,4.4,362772,-0.06,0.496,949,48,39,49,396921,Good
SME0115,E-commerce,Umm Al Quwain,16.1,134046,0.102,0.162,392,121,8,8,189363,Good
SME0116,Trading,Dubai,7.9,111463,0.031,0.504,341,19,21,27,122722,Excellent
SME0117,Professional Services,Dubai,2.1,234897,0.236,0.179,553,100,25,16,431670,Good
SME0118,Manufacturing,Ajman,5.5,182378,0.367,0.287,749,21,57,17,215920,Good
SME0119,F&B,Dubai,4.2,46256,-0.135,0.22,95,33,7,22,39380,Excellent
SME0120,Healthcare,Ras Al Khaimah,4.1,30440,-0.081,0.14,138,16,42,17,29055,Poor
SME0121,Construction,Sharjah,3.2,119957,-0.236,0.128,256,120,46,6,194150,Poor
SME0122,Healthcare,Dubai,5.2,248642,0.527,0.186,864,52,67,22,308292,Excellent
SME0123,Retail,Ajman,9.8,755442,0.147,0.276,1869,53,51,13,764485,Fair
SME0124,F&B,Dubai,3.4,97719,0.186,0.439,187,23,25,13,84055,Good
SME0125,Retail,Abu Dhabi,7.4,56923,-0.215,0.192,78,6,43,75,39335,Excellent
SME0126,F&B,Abu Dhabi,8.2,33869,0.08,0.507,106,32,58,7,40324,Good
SME0127,Logistics,Abu Dhabi,11.0,226732,0.192,0.435,525,28,6,21,201351,Fair
SME0128,Retail,Sharjah,2.4,24345,0.024,0.264,67,10,10,29,20218,Fair
SME0129,Retail,Sharjah,4.9,174171,0.317,0.223,504,33,31,75,208725,Excellent
SME0130,Construction,Umm Al Quwain,2.9,349780,0.589,0.327,960,42,46,10,703091,Fair
SME0131,E-commerce,Umm Al Quwain,5.2,181789,-0.128,0.092,331,54,38,59,130284,Fair
SME0132,Trading,Abu Dhabi,5.2,126723,-0.145,0.094,324,7,33,22,89599,Fair
SME0133,Construction,Dubai,1.9,282153,-0.113,0.192,392,17,66,22,217776,Good
SME0134,Logistics,Sharjah,5.4,164007,0.433,0.202,328,23,21,38,218191,Fair
SME0135,Healthcare,Umm Al Quwain,17.5,67570,0.309,0.298,206,75,16,65,66869,Good
SME0136,Retail,Dubai,6.8,525892,0.05,0.185,1295,75,19,17,512720,Excellent
SME0137,Hospitality,Abu Dhabi,1.6,84954,0.088,0.506,240,51,32,31,105585,Fair
SME0138,F&B,Abu Dhabi,2.3,179310,-0.1,0.08,328,33,25,28,166076,Good
SME0139,Professional Services,Dubai,4.7,18000,0.276,0.286,71,78,47,27,19931,Fair
SME0140,Retail,Sharjah,2.3,322868,-0.004,0.193,1117,47,17,43,275453,Fair
SME0141,F&B,Dubai,10.7,323169,0.023,0.438,853,76,34,14,298869,Good
SME0142,F&B,Ajman,1.4,95115,0.214,0.559,179,52,43,19,107856,Excellent
SME0143,Trading,Ajman,6.8,245592,0.039,0.099,411,11,58,6,211976,Fair
SME0144,Construction,Ajman,1.1,280616,0.028,0.046,456,6,11,36,165989,Fair
SME0145,F&B,Dubai,4.7,53697,0.082,0.173,105,31,18,26,38756,Fair
SME0146,E-commerce,Dubai,2.0,199749,0.255,0.248,454,66,24,63,289107,Good
SME0147,Logistics,Sharjah,7.7,71327,0.442,0.116,131,28,9,10,120912,Excellent
SME0148,Construction,Ajman,9.5,104043,0.209,0.169,333,87,33,81,85138,Good
SME0149,F&B,Abu Dhabi,6.1,241683,0.257,0.202,1057,63,32,41,327107,Fair
SME0150,Retail,Ras Al Khaimah,9.8,249811,0.036,0.433,497,82,31,39,213891,Good
SME0151,Professional Services,Dubai,0.5,53864,-0.076,0.084,164,31,23,16,59977,Fair
SME0152,Trading,Ras Al Khaimah,5.4,81874,0.224,0.137,185,20,54,20,109376,Good
SME0153,Retail,Dubai,6.8,63022,0.118,0.133,136,18,19,18,66303,Excellent
SME0154,Construction,Dubai,7.4,325379,-0.233,0.261,678,55,51,56,314113,Good
SME0155,Retail,Abu Dhabi,6.5,46631,0.008,0.414,83,12,19,5,38586,Good
SME0156,Manufacturing,Dubai,7.5,251157,0.062,0.222,457,13,11,23,189127,Good
SME0157,E-commerce,Dubai,5.3,236708,-0.032,0.163,500,27,26,24,210483,Excellent
SME0158,Healthcare,Dubai,1.6,121457,0.406,0.077,306,46,29,17,132723,Fair
SME0159,Manufacturing,Abu Dhabi,3.2,437653,0.186,0.259,945,24,34,12,531396,Good
SME0160,Professional Services,Sharjah,10.7,75809,0.382,0.169,200,75,4,3,116809,Fair
SME0161,Retail,Dubai,9.9,90964,0.138,0.129,213,83,21,23,95078,Good
SME0162,Trading,Sharjah,6.7,66557,0.098,0.169,87,4,77,36,58112,Good
SME0163,E-commerce,Ajman,7.8,297855,-0.126,0.133,631,53,18,26,353053,Fair
SME0164,Retail,Dubai,9.2,56866,0.083,0.115,113,28,46,12,61085,Good
SME0165,Construction,Dubai,6.6,234993,0.083,0.141,643,68,120,24,279081,Good
SME0166,Logistics,Ras Al Khaimah,10.5,133485,-0.221,0.164,233,54,86,64,140232,Good
SME0167,Professional Services,Ajman,10.3,40126,-0.039,0.144,74,44,13,15,28487,Excellent
SME0168,Professional Services,Abu Dhabi,20.9,58507,0.009,0.36,108,37,44,29,58071,Poor
SME0169,Logistics,Ajman,3.3,459459,0.171,0.202,966,13,45,32,416372,Good
SME0170,Hospitality,Dubai,3.3,135971,0.181,0.082,237,131,39,8,180243,Excellent
SME0171,Logistics,Dubai,6.3,60149,-0.048,0.107,100,17,11,20,66349,Fair
SME0172,Construction,Sharjah,15.5,226281,0.183,0.122,468,101,31,20,306436,Excellent
SME0173,E-commerce,Dubai,11.0,110809,0.04,0.808,254,60,30,25,108146,Poor
SME0174,Trading,Sharjah,8.4,2500000,-0.35,0.16,4486,29,10,55,1568650,Good
SME0175,E-commerce,Abu Dhabi,11.5,159870,-0.027,0.225,468,26,22,9,195378,Good
SME0176,Retail,Sharjah,6.8,78942,0.317,0.045,217,12,31,57,95911,Excellent
SME0177,F&B,Abu Dhabi,3.9,310055,-0.29,0.175,699,41,25,38,208039,Excellent
SME0178,Hospitality,Dubai,17.9,23954,0.105,0.46,99,12,41,83,17382,Excellent
SME0179,Trading,Dubai,6.5,165486,0.429,0.146,301,77,22,4,211423,Excellent
SME0180,Manufacturing,Dubai,10.1,1010436,-0.087,0.465,3021,47,29,2,1218976,Good
SME0181,Trading,Sharjah,0.5,138372,0.08,0.104,352,39,48,112,95214,Good
SME0182,Trading,Dubai,0.5,35002,-0.207,0.211,82,42,72,7,27500,Good
SME0183,Construction,Dubai,5.5,124676,0.438,0.216,274,48,11,12,188247,Excellent
SME0184,Logistics,Dubai,2.3,488309,0.062,0.127,1195,32,40,13,617725,Excellent
SME0185,Professional Services,Dubai,5.8,135171,0.09,0.246,306,35,19,37,118192,Excellent
SME0186,Manufacturing,Ajman,3.3,90908,0.378,0.346,205,107,35,21,109652,Excellent
SME0187,Logistics,Dubai,22.8,79214,0.226,0.343,200,73,10,14,137206,Good
SME0188,Retail,Umm Al Quwain,9.6,67796,-0.113,0.506,190,58,55,73,45489,Excellent
SME0189,Manufacturing,Dubai,12.2,252116,-0.062,0.211,435,29,15,3,242866,Good
SME0190,E-commerce,Sharjah,0.6,391300,0.189,0.395,1982,9,48,48,360158,Poor
SME0191,Trading,Abu Dhabi,8.3,373634,-0.057,0.15,878,54,11,24,320736,Excellent
SME0192,E-commerce,Dubai,4.3,184863,-0.35,0.543,470,42,9,14,148949,Excellent
SME0193,Retail,Ras Al Khaimah,12.4,35175,0.068,0.101,70,35,23,15,27757,Fair
SME0194,Professional Services,Umm Al Quwain,7.6,31758,-0.246,0.329,115,38,31,19,22648,Good
SME0195,Retail,Ras Al Khaimah,4.7,171659,0.436,0.18,440,17,90,13,225182,Excellent
SME0196,E-commerce,Dubai,1.7,39979,0.119,0.131,91,21,30,43,43600,Fair
SME0197,Healthcare,Dubai,5.4,108076,-0.119,0.095,187,73,13,18,95020,Fair
SME0198,Trading,Sharjah,10.5,197798,-0.074,0.383,404,7,44,39,163402,Poor
SME0199,E-commerce,Dubai,12.8,47706,-0.336,0.099,155,67,61,16,50250,Poor
SME0200,Logistics,Sharjah,3.7,59382,-0.162,0.424,152,89,15,28,50196,Good
SME0201,Professional Services,Abu Dhabi,20.5,90639,0.304,0.34,163,54,47,28,120267,Fair
SME0202,Hospitality,Abu Dhabi,10.0,175763,0.571,0.211,575,52,56,25,233285,Good
SME0203,F&B,Ajman,2.3,228610,0.24,0.522,519,21,44,58,234763,Fair
SME0204,Retail,Sharjah,1.9,182772,0.06,0.338,407,23,17,62,130680,Good
SME0205,Retail,Dubai,4.5,116147,-0.015,0.05,288,30,31,42,106860,Good
SME0206,E-commerce,Dubai,3.7,66536,-0.13,0.271,86,15,35,51,60830,Excellent
SME0207,Retail,Abu Dhabi,6.9,43903,0.533,0.318,110,22,54,40,49151,Good
SME0208,Manufacturing,Abu Dhabi,5.0,120136,0.038,0.173,238,42,18,17,155588,Good
SME0209,Retail,Dubai,3.9,154577,0.545,0.237,432,29,48,22,182455,Fair
SME0210,F&B,Dubai,1.2,123452,0.387,0.306,240,45,25,4,130705,Excellent
SME0211,Manufacturing,Sharjah,7.7,31123,-0.303,0.216,56,73,21,11,29425,Fair
SME0212,Construction,Ajman,1.1,89516,-0.067,0.151,236,44,28,7,110150,Excellent
SME0213,E-commerce,Abu Dhabi,10.0,349267,-0.067,0.102,788,52,4,14,404679,Good
SME0214,Professional Services,Dubai,0.7,105027,0.062,0.489,307,12,5,30,115192,Good
SME0215,Manufacturing,Dubai,1.0,55613,0.067,0.19,178,72,6,17,74936,Good
SME0216,Manufacturing,Abu Dhabi,2.3,1373779,0.65,0.321,2392,11,36,45,1775671,Good
SME0217,Retail,Dubai,3.4,106447,-0.157,0.183,278,28,23,11,124034,Excellent
SME0218,Retail,Abu Dhabi,2.9,151249,0.13,0.404,943,18,17,38,177379,Excellent
SME0219,Trading,Sharjah,3.4,214501,0.216,0.204,324,9,26,11,267488,Fair
SME0220,F&B,Dubai,5.9,67848,0.08,0.434,192,43,49,56,64818,Excellent
SME0221,Logistics,Dubai,2.4,76414,0.104,0.258,182,55,25,11,107204,Fair
SME0222,F&B,Dubai,6.0,562927,-0.15,0.05,870,90,12,34,524746,Fair
SME0223,Manufacturing,Ras Al Khaimah,0.5,435110,0.103,0.139,1005,47,99,14,605965,Excellent
SME0224,Hospitality,Sharjah,2.3,230369,0.193,0.232,535,22,27,68,265783,Fair
SME0225,E-commerce,Dubai,1.0,204763,0.152,0.235,677,29,56,67,199232,Fair
SME0226,Trading,Ras Al Khaimah,10.0,65098,0.205,0.406,256,10,45,33,51780,Fair
SME0227,Retail,Abu Dhabi,2.7,323159,0.391,0.383,751,31,20,33,318793,Fair
SME0228,Construction,Abu Dhabi,7.4,85250,0.286,0.263,173,39,71,42,125812,Good
SME0229,Healthcare,Fujairah,0.8,166561,0.096,0.168,342,54,18,37,216605,Poor
SME0230,Retail,Dubai,12.7,27079,-0.178,0.073,69,63,35,46,30494,Excellent
SME0231,Retail,Dubai,5.2,19250,-0.052,0.13,43,53,32,11,25981,Excellent
SME0232,F&B,Abu Dhabi,4.8,121544,0.032,0.141,530,20,34,25,107575,Fair
SME0233,Hospitality,Dubai,1.2,57587,0.136,0.158,114,16,64,15,71152,Good
SME0234,Healthcare,Sharjah,2.1,24138,-0.025,0.185,51,60,28,66,17146,Good
SME0235,Trading,Dubai,4.0,241830,-0.126,0.103,352,8,31,8,168080,Good
SME0236,Professional Services,Dubai,2.1,595233,-0.181,0.26,1320,116,32,73,679423,Good
SME0237,F&B,Dubai,9.3,302128,-0.283,0.059,897,24,88,25,236830,Poor
SME0238,Professional Services,Abu Dhabi,5.1,78899,0.028,0.116,178,78,54,47,81404,Excellent
SME0239,Retail,Dubai,2.2,109921,-0.243,0.203,268,27,8,17,118683,Excellent
SME0240,Retail,Dubai,8.4,232013,-0.14,0.102,462,56,18,8,184926,Fair
SME0241,Professional Services,Ras Al Khaimah,3.6,254855,-0.007,0.068,562,17,29,64,199613,Fair
SME0242,Professional Services,Dubai,8.1,73323,-0.214,0.512,245,40,63,35,50280,Fair
SME0243,E-commerce,Dubai,3.2,129161,0.164,0.268,509,10,67,9,159713,Excellent
SME0244,Construction,Dubai,7.0,225376,0.243,0.148,468,48,27,23,227570,Fair
SME0245,Healthcare,Dubai,3.5,209634,-0.041,0.371,340,17,18,22,203092,Good
SME0246,Trading,Dubai,9.3,136401,-0.016,0.377,297,19,24,35,116568,Fair
SME0247,Healthcare,Abu Dhabi,0.8,118214,0.198,0.224,216,30,30,11,126028,Excellent
SME0248,F&B,Dubai,1.6,299640,-0.077,0.345,524,34,23,9,252548,Good
SME0249,Logistics,Ras Al Khaimah,4.3,396510,-0.092,0.124,823,54,57,28,292450,Good
SME0250,F&B,Fujairah,2.8,139146,0.343,0.242,395,51,22,12,175414,Good
SME0251,Healthcare,Dubai,3.5,564426,0.275,0.371,1192,43,15,66,497937,Excellent
SME0252,Trading,Dubai,7.6,109973,0.212,0.175,185,67,24,44,104177,Good
SME0253,F&B,Dubai,3.4,368431,0.284,0.503,717,50,33,43,507073,Fair
SME0254,E-commerce,Abu Dhabi,6.1,198968,-0.35,0.154,369,52,58,3,179194,Good
SME0255,E-commerce,Dubai,2.3,2023085,0.378,0.174,5128,19,14,17,2098373,Good
SME0256,Manufacturing,Ras Al Khaimah,0.6,67307,0.166,0.151,158,70,34,20,77414,Good
SME0257,Professional Services,Sharjah,8.1,54650,0.302,0.182,125,65,34,10,75715,Fair
SME0258,Retail,Ajman,14.6,155745,0.165,0.089,351,44,38,38,169372,Good
SME0259,Retail,Abu Dhabi,5.7,152917,0.091,0.247,259,63,22,34,187017,Good
SME0260,Healthcare,Umm Al Quwain,4.5,686897,0.019,0.308,4080,38,38,42,646207,Poor
SME0261,Retail,Dubai,5.2,61814,0.161,0.166,136,93,44,50,77332,Fair
SME0262,Professional Services,Dubai,11.6,211890,0.011,0.526,481,42,21,49,174302,Excellent
SME0263,Logistics,Dubai,5.7,380963,0.271,0.296,1335,38,31,118,279152,Good
SME0264,Retail,Fujairah,8.4,198581,-0.269,0.037,374,50,25,24,223595,Poor
SME0265,Trading,Abu Dhabi,8.1,67483,-0.039,0.217,186,104,16,21,76346,Excellent
SME0266,E-commerce,Ajman,9.9,415134,0.53,0.508,1020,27,10,37,680262,Good
SME0267,E-commerce,Dubai,4.4,356713,-0.058,0.121,531,48,18,56,326534,Excellent
SME0268,Retail,Umm Al Quwain,3.2,181615,0.027,0.053,318,28,19,6,193870,Fair
SME0269,Retail,Abu Dhabi,7.1,129793,-0.114,0.494,250,38,10,13,128344,Good
SME0270,Retail,Abu Dhabi,9.4,132216,0.154,0.25,267,22,36,16,173670,Poor
SME0271,Retail,Umm Al Quwain,10.6,102035,-0.082,0.304,237,51,46,26,96972,Fair
SME0272,E-commerce,Dubai,12.5,216302,0.039,0.054,314,40,24,17,210143,Excellent
SME0273,Retail,Dubai,8.8,112024,0.267,0.289,205,63,27,51,168888,Good
SME0274,Healthcare,Abu Dhabi,3.0,63645,-0.074,0.167,177,73,20,29,73851,Poor
SME0275,Manufacturing,Dubai,5.7,76064,0.253,0.214,270,79,26,23,102368,Excellent
SME0276,F&B,Dubai,5.3,48935,0.261,0.492,94,29,38,34,46762,Excellent
SME0277,Logistics,Dubai,4.9,171301,0.312,0.164,386,50,34,4,199856,Fair
SME0278,F&B,Dubai,7.1,90633,0.111,0.298,325,82,26,33,131366,Good
SME0279,Trading,Ras Al Khaimah,4.1,183416,0.65,0.266,366,22,19,12,245181,Excellent
SME0280,Trading,Abu Dhabi,4.1,233786,0.312,0.39,560,42,43,45,194920,Excellent
SME0281,Retail,Dubai,15.2,64009,0.151,0.103,125,23,20,5,49563,Good
SME0282,E-commerce,Dubai,4.6,436077,-0.113,0.196,867,103,11,36,678775,Fair
SME0283,E-commerce,Abu Dhabi,9.8,99928,0.059,0.053,265,82,30,12,129993,Good
SME0284,E-commerce,Abu Dhabi,10.2,86799,0.394,0.186,165,55,7,57,110554,Good
SME0285,Construction,Fujairah,5.8,263032,0.456,0.23,674,55,33,6,504482,Fair
SME0286,F&B,Fujairah,4.3,19466,0.405,0.262,49,24,34,26,22349,Excellent
SME0287,Retail,Dubai,2.4,55717,0.253,0.166,144,87,18,40,89372,Fair
SME0288,Logistics,Dubai,1.1,326530,-0.196,0.224,557,33,20,32,328696,Good
SME0289,Construction,Abu Dhabi,7.5,39863,0.187,0.38,96,26,47,32,40732,Good
SME0290,Retail,Abu Dhabi,6.5,282078,-0.193,0.15,459,75,83,8,387699,Good
SME0291,Professional Services,Abu Dhabi,8.2,354728,-0.247,0.078,534,31,28,8,439702,Fair
SME0292,Retail,Sharjah,3.3,79695,0.133,0.134,221,27,5,31,64873,Poor
SME0293,Trading,Abu Dhabi,16.2,195734,0.195,0.27,1968,65,18,28,173281,Excellent
SME0294,Retail,Dubai,6.9,282441,0.279,0.14,491,18,34,11,392698,Excellent
SME0295,Professional Services,Dubai,4.5,66030,0.189,0.24,161,56,25,10,78664,Good
SME0296,Trading,Dubai,0.6,319362,0.197,0.189,923,43,33,23,380686,Good
SME0297,Hospitality,Dubai,3.6,64752,-0.137,0.388,171,62,30,19,58090,Excellent
SME0298,Professional Services,Dubai,8.5,65426,0.057,0.232,163,52,30,81,67103,Poor
SME0299,Professional Services,Sharjah,12.3,49772,-0.252,0.322,82,141,5,59,73604,Fair
SME0300,Healthcare,Dubai,5.0,175180,-0.35,0.488,373,45,20,44,200772,Good
SME0301,Professional Services,Dubai,13.6,262738,0.243,0.103,435,31,18,64,257367,Good
SME0302,Retail,Abu Dhabi,2.2,93293,-0.086,0.208,183,40,18,15,118260,Excellent
SME0303,Construction,Sharjah,6.6,59245,0.272,0.254,143,52,40,17,77489,Good
SME0304,Construction,Dubai,6.7,69543,0.324,0.255,172,100,12,54,107552,Good
SME0305,Trading,Ajman,7.5,213605,-0.056,0.229,413,58,5,26,243212,Poor
SME0306,F&B,Fujairah,5.5,444622,0.21,0.071,811,24,18,27,471716,Good
SME0307,Logistics,Abu Dhabi,6.3,198200,-0.065,0.154,348,150,15,9,315954,Excellent
SME0308,Healthcare,Sharjah,2.2,94227,-0.326,0.325,225,71,28,52,78254,Excellent
SME0309,E-commerce,Dubai,11.5,240631,0.107,0.096,511,23,15,37,204281,Excellent
SME0310,Retail,Fujairah,9.2,89003,-0.024,0.337,171,19,23,20,86438,Poor
SME0311,F&B,Dubai,6.2,67234,-0.017,0.296,166,16,21,17,41976,Fair
SME0312,F&B,Fujairah,9.3,41060,0.515,0.171,131,39,56,58,60664,Fair
SME0313,E-commerce,Abu Dhabi,11.8,415378,-0.256,0.232,1176,40,16,15,361251,Fair
SME0314,Logistics,Dubai,7.4,18000,0.164,0.205,43,26,38,7,17206,Excellent
SME0315,Logistics,Dubai,17.3,279440,-0.139,0.269,528,15,26,60,217381,Fair
SME0316,Logistics,Sharjah,7.9,95624,0.28,0.095,159,19,48,61,77988,Fair
SME0317,Logistics,Abu Dhabi,2.5,100065,0.146,0.256,348,58,66,15,155086,Excellent
SME0318,Manufacturing,Dubai,5.9,781598,0.163,0.296,2066,33,25,91,834794,Good
SME0319,Logistics,Sharjah,9.6,77293,-0.128,0.258,190,20,7,23,64782,Fair
SME0320,Hospitality,Ras Al Khaimah,11.8,64262,-0.088,0.193,118,43,12,15,60470,Poor
SME0321,Trading,Abu Dhabi,5.6,136713,0.284,0.237,354,48,10,36,124730,Excellent
SME0322,F&B,Abu Dhabi,2.3,131828,0.47,0.203,331,51,20,8,233880,Poor
SME0323,Logistics,Dubai,4.2,97420,0.186,0.44,347,42,18,12,92227,Poor
SME0324,Construction,Ajman,1.5,45808,-0.117,0.238,90,38,31,31,52871,Poor
SME0325,Professional Services,Dubai,8.4,47042,0.155,0.241,109,79,46,27,77827,Excellent
SME0326,Healthcare,Ras Al Khaimah,3.6,389047,0.614,0.348,1047,19,7,47,409251,Excellent
SME0327,Professional Services,Dubai,2.8,104631,0.103,0.133,250,35,27,9,125883,Fair
SME0328,Construction,Abu Dhabi,9.0,256127,0.402,0.167,438,9,16,81,245652,Good
SME0329,Healthcare,Dubai,13.4,104832,-0.083,0.195,318,32,27,18,100556,Excellent
SME0330,E-commerce,Dubai,2.8,71624,0.071,0.469,205,44,20,26,59735,Fair
SME0331,Manufacturing,Sharjah,5.6,771863,0.216,0.26,1286,64,41,18,1137165,Excellent
SME0332,E-commerce,Abu Dhabi,4.3,106916,0.167,0.19,233,10,12,8,88083,Good
SME0333,Manufacturing,Abu Dhabi,12.1,127232,-0.089,0.157,240,44,17,24,152134,Poor
SME0334,Trading,Fujairah,4.7,387780,-0.098,0.162,778,109,24,40,461234,Good
SME0335,Retail,Fujairah,2.1,59041,0.297,0.113,132,53,21,22,83587,Poor
SME0336,Healthcare,Ras Al Khaimah,4.9,78968,0.342,0.253,193,17,24,13,120161,Good
SME0337,Retail,Dubai,10.5,110052,0.413,0.225,200,32,8,48,153921,Good
SME0338,Manufacturing,Abu Dhabi,4.1,185509,0.477,0.07,315,54,61,49,263754,Excellent
SME0339,Retail,Ras Al Khaimah,3.1,136035,0.11,0.473,235,27,19,21,129048,Good
SME0340,Trading,Dubai,4.5,903825,0.012,0.207,2937,47,13,32,854346,Good
SME0341,Retail,Dubai,2.2,145192,0.377,0.377,239,45,25,47,164926,Fair
SME0342,Hospitality,Ajman,4.3,18000,0.237,0.158,44,38,27,40,25377,Poor
SME0343,Professional Services,Abu Dhabi,3.2,129572,-0.136,0.317,361,16,76,32,89037,Excellent
SME0344,Healthcare,Abu Dhabi,19.3,135201,-0.147,0.046,315,25,50,39,105314,Excellent
SME0345,Professional Services,Umm Al Quwain,0.8,101882,0.188,0.324,185,115,21,34,173188,Good
SME0346,Professional Services,Abu Dhabi,2.5,121018,0.041,0.329,235,31,68,25,105030,Good
SME0347,Hospitality,Abu Dhabi,3.1,111794,0.074,0.143,267,33,61,9,144113,Good
SME0348,E-commerce,Dubai,2.2,119975,0.316,0.116,218,33,13,11,129227,Excellent
SME0349,Healthcare,Dubai,6.6,220446,0.247,0.206,472,63,87,35,199744,Excellent
SME0350,Retail,Dubai,2.8,68819,0.373,0.268,181,34,19,17,97189,Good
SME0351,Healthcare,Ajman,1.3,58500,-0.345,0.158,160,39,29,34,53481,Excellent
SME0352,E-commerce,Ajman,5.3,1639622,0.136,0.043,3284,44,55,9,2394640,Fair
SME0353,Construction,Dubai,4.0,94990,0.233,0.151,216,68,7,14,122298,Good
SME0354,Construction,Dubai,2.9,190066,-0.256,0.192,667,39,24,22,141781,Good
SME0355,F&B,Ras Al Khaimah,12.0,26008,-0.064,0.223,47,42,32,3,24293,Good
SME0356,Construction,Dubai,6.8,192722,-0.105,0.279,491,27,49,12,168577,Excellent
SME0357,Professional Services,Abu Dhabi,6.3,44418,0.085,0.354,69,47,26,15,51378,Fair
SME0358,Professional Services,Abu Dhabi,6.9,67409,0.438,0.548,239,56,7,29,83619,Fair
SME0359,F&B,Sharjah,6.7,225435,0.525,0.234,526,58,76,21,361946,Fair
SME0360,Healthcare,Dubai,4.1,195542,-0.099,0.347,534,105,27,30,302201,Good
SME0361,Trading,Sharjah,2.8,247613,0.196,0.105,744,23,33,26,248774,Good
SME0362,Retail,Dubai,5.4,24209,0.203,0.087,62,40,9,20,30735,Excellent
SME0363,Retail,Abu Dhabi,4.1,519884,0.165,0.403,785,34,59,15,486196,Good
SME0364,Retail,Dubai,0.7,39613,0.168,0.13,85,94,19,27,63744,Good
SME0365,Healthcare,Abu Dhabi,2.0,480027,0.147,0.348,1352,59,16,56,440858,Good
SME0366,F&B,Abu Dhabi,3.7,220972,0.451,0.023,958,12,51,15,298349,Excellent
SME0367,Professional Services,Dubai,9.1,160391,0.323,0.439,659,26,10,79,139984,Excellent
SME0368,Manufacturing,Dubai,5.4,89670,-0.153,0.065,233,32,33,27,59912,Excellent
SME0369,Logistics,Dubai,2.4,161331,0.255,0.404,431,14,16,45,143242,Good
SME0370,Trading,Dubai,1.9,102354,0.276,0.183,242,42,36,33,101210,Good
SME0371,Professional Services,Dubai,10.4,100642,0.149,0.327,568,28,41,36,123585,Poor
SME0372,E-commerce,Fujairah,4.3,101455,0.329,0.232,231,108,19,12,143240,Excellent
SME0373,Logistics,Dubai,0.5,25073,0.121,0.239,44,47,57,17,36369,Excellent
SME0374,Logistics,Ajman,4.5,368016,0.124,0.166,571,31,27,6,401671,Good
SME0375,Retail,Umm Al Quwain,7.8,101830,0.107,0.31,457,20,77,21,82325,Excellent
SME0376,Retail,Dubai,1.8,72252,-0.35,0.516,204,38,52,38,60105,Fair
SME0377,Trading,Sharjah,5.1,94863,0.062,0.353,273,90,29,22,96793,Excellent
SME0378,F&B,Ras Al Khaimah,5.5,125765,-0.067,0.15,269,34,29,47,126333,Poor
SME0379,Logistics,Abu Dhabi,1.9,66348,-0.181,0.316,219,38,10,19,49230,Fair
SME0380,Manufacturing,Abu Dhabi,11.0,27275,0.395,0.11,42,73,51,14,51108,Good
SME0381,Construction,Abu Dhabi,5.5,246733,0.191,0.117,542,46,17,17,214008,Poor
SME0382,Trading,Dubai,3.7,237449,0.073,0.195,546,63,31,41,223398,Good
SME0383,Professional Services,Abu Dhabi,4.3,82864,-0.044,0.184,129,49,76,68,53930,Poor
SME0384,F&B,Umm Al Quwain,1.6,34953,0.145,0.209,78,48,56,84,35185,Excellent
SME0385,Logistics,Fujairah,1.5,152964,0.298,0.26,307,12,14,38,162405,Poor
SME0386,Hospitality,Dubai,3.4,32989,-0.102,0.343,92,18,27,45,32000,Excellent
SME0387,Manufacturing,Sharjah,3.6,77457,0.079,0.243,271,43,33,7,78840,Good
SME0388,Hospitality,Dubai,4.1,60518,0.271,0.397,161,22,61,9,51932,Poor
SME0389,Retail,Ras Al Khaimah,11.7,223541,-0.346,0.541,314,38,55,13,254407,Good
SME0390,Trading,Dubai,7.5,112224,0.067,0.402,213,17,38,58,91597,Excellent
SME0391,Healthcare,Fujairah,0.9,89468,-0.014,0.289,185,73,36,58,105215,Excellent
SME0392,Retail,Ajman,10.3,574634,0.051,0.216,1726,23,27,96,356866,Excellent
SME0393,Construction,Dubai,3.4,235531,-0.03,0.476,421,20,32,12,242541,Good
SME0394,Manufacturing,Dubai,8.0,247403,0.11,0.24,862,15,23,23,187131,Good
SME0395,Retail,Ajman,3.6,79678,0.503,0.307,304,58,44,6,165013,Good
SME0396,F&B,Dubai,5.3,55858,0.009,0.405,146,38,37,8,45420,Fair
SME0397,Professional Services,Abu Dhabi,1.7,18000,0.144,0.17,26,72,50,20,27172,Excellent
SME0398,Logistics,Ras Al Khaimah,6.1,323125,0.519,0.06,477,27,49,13,383382,Fair
SME0399,F&B,Abu Dhabi,8.7,135746,-0.041,0.253,343,18,17,13,140919,Good
SME0400,F&B,Dubai,1.1,79633,0.479,0.308,216,37,4,16,138738,Fair
SME0401,Logistics,Abu Dhabi,8.7,126212,0.081,0.226,499,80,16,63,166534,Fair
SME0402,Trading,Dubai,2.8,285556,0.472,0.572,622,12,32,51,330310,Poor
SME0403,Professional Services,Fujairah,14.1,26190,0.245,0.238,56,46,23,11,31766,Excellent
SME0404,Retail,Dubai,8.1,66079,0.148,0.393,121,49,22,50,82576,Good
SME0405,Hospitality,Dubai,7.2,43605,0.066,0.276,78,88,16,14,58653,Poor
SME0406,Trading,Dubai,4.3,688489,-0.057,0.071,1615,22,35,7,686406,Fair
SME0407,E-commerce,Fujairah,21.5,264096,0.097,0.065,511,11,7,15,209063,Excellent
SME0408,Professional Services,Dubai,3.4,18000,0.277,0.46,49,29,38,31,19882,Good
SME0409,Retail,Ras Al Khaimah,2.1,30131,0.077,0.257,59,62,38,12,32693,Fair
SME0410,Hospitality,Sharjah,2.9,102365,0.01,0.204,263,39,49,37,102183,Excellent
SME0411,Manufacturing,Ajman,9.7,124126,0.025,0.237,246,52,120,16,108002,Good
SME0412,Healthcare,Umm Al Quwain,5.2,42472,0.298,0.172,86,19,4,32,44479,Fair
SME0413,Retail,Ajman,4.7,569804,0.35,0.398,1243,33,37,11,900135,Good
SME0414,Trading,Fujairah,3.4,199213,-0.067,0.361,365,40,42,25,194168,Excellent
SME0415,Retail,Dubai,4.5,163341,-0.067,0.167,625,13,16,12,175349,Good
SME0416,E-commerce,Ajman,3.2,69672,0.163,0.3,216,40,24,21,65582,Good
SME0417,Retail,Abu Dhabi,7.7,201578,0.416,0.437,483,31,19,80,214129,Good
SME0418,Professional Services,Abu Dhabi,4.0,71059,0.332,0.284,257,150,39,18,129664,Fair
SME0419,E-commerce,Ras Al Khaimah,2.9,98609,-0.195,0.076,246,38,53,9,92601,Good
SME0420,Trading,Umm Al Quwain,9.2,256741,0.022,0.262,634,90,11,26,343854,Fair
SME0421,Healthcare,Sharjah,2.1,32783,-0.125,0.16,54,51,35,26,25804,Fair
SME0422,Retail,Abu Dhabi,5.2,423994,0.021,0.449,908,36,59,26,405619,Fair
SME0423,Retail,Abu Dhabi,0.7,127393,0.433,0.455,222,83,17,36,152974,Good
SME0424,Retail,Dubai,1.4,324098,-0.233,0.406,667,17,3,17,303072,Excellent
SME0425,Healthcare,Dubai,3.7,52481,-0.276,0.242,136,29,14,38,53241,Fair
SME0426,Professional Services,Dubai,3.2,44799,-0.102,0.195,96,64,13,24,34040,Excellent
SME0427,E-commerce,Dubai,3.2,46730,0.143,0.518,87,7,15,8,45168,Good
SME0428,Professional Services,Dubai,8.2,121466,0.217,0.051,205,38,75,42,131241,Excellent
SME0429,Retail,Sharjah,8.5,115391,0.176,0.154,266,37,86,28,142814,Good
SME0430,Professional Services,Abu Dhabi,6.0,66164,0.339,0.255,262,45,64,37,61888,Fair
SME0431,Trading,Fujairah,2.0,64506,-0.308,0.334,265,33,22,9,59326,Good
SME0432,Professional Services,Abu Dhabi,4.5,33458,0.341,0.219,81,63,66,44,51647,Good
SME0433,Manufacturing,Dubai,15.4,177978,0.011,0.264,1050,23,4,93,112894,Excellent
SME0434,Professional Services,Dubai,20.2,66098,0.241,0.081,99,68,13,8,104888,Good
SME0435,Retail,Dubai,9.2,60915,-0.211,0.215,117,19,44,48,42585,Good
SME0436,E-commerce,Umm Al Quwain,2.1,467329,0.081,0.548,1250,47,18,28,613854,Fair
SME0437,Retail,Dubai,4.5,101724,0.132,0.483,321,77,11,24,95482,Poor
SME0438,F&B,Abu Dhabi,5.7,272943,0.334,0.322,476,22,35,44,229539,Poor
SME0439,Manufacturing,Fujairah,5.1,117873,-0.269,0.104,373,25,35,41,97858,Excellent
SME0440,Healthcare,Umm Al Quwain,9.9,161197,0.087,0.162,492,69,37,56,167169,Good
SME0441,Trading,Dubai,7.9,145702,-0.159,0.141,407,43,40,9,161381,Good
SME0442,Retail,Dubai,2.0,25771,0.191,0.27,56,11,33,57,18866,Good
SME0443,Manufacturing,Dubai,3.0,624506,0.251,0.16,1191,44,25,32,618117,Fair
SME0444,E-commerce,Dubai,9.2,111846,0.363,0.085,189,57,28,6,186793,Fair
SME0445,E-commerce,Dubai,11.9,236622,-0.038,0.247,411,71,45,18,232589,Good
SME0446,Manufacturing,Abu Dhabi,5.8,97871,0.284,0.473,217,46,33,29,137612,Good
SME0447,Hospitality,Ras Al Khaimah,12.9,99576,0.379,0.094,174,52,20,18,151115,Poor
SME0448,Healthcare,Abu Dhabi,5.3,62661,-0.282,0.36,170,95,16,22,57499,Excellent
SME0449,Retail,Abu Dhabi,2.3,311950,0.215,0.262,1348,65,28,16,460557,Fair
SME0450,Healthcare,Dubai,7.5,170590,0.291,0.502,462,33,59,120,176019,Fair
SME0451,Retail,Ajman,25.0,149044,0.023,0.087,422,35,40,39,158568,Excellent
SME0452,Trading,Abu Dhabi,1.6,484527,-0.186,0.219,1295,75,61,26,380192,Poor
SME0453,Manufacturing,Ras Al Khaimah,12.6,495597,0.287,0.465,1480,46,22,11,663545,Fair
SME0454,E-commerce,Fujairah,7.2,240459,-0.184,0.315,609,42,31,56,252559,Fair
SME0455,Retail,Dubai,2.8,32583,0.041,0.268,62,32,34,36,31350,Excellent
SME0456,E-commerce,Dubai,0.8,69455,0.071,0.164,106,74,46,12,74622,Excellent
SME0457,Hospitality,Dubai,0.5,48800,0.237,0.522,201,23,22,12,45640,Fair
SME0458,F&B,Abu Dhabi,3.2,172109,-0.058,0.314,582,29,40,23,172651,Excellent
SME0459,Professional Services,Fujairah,6.4,113515,-0.071,0.372,320,74,57,26,146205,Excellent
SME0460,Healthcare,Dubai,8.8,40150,0.102,0.439,74,73,26,38,57941,Good
SME0461,Construction,Sharjah,10.1,148683,0.301,0.333,350,128,15,24,308031,Excellent
SME0462,Retail,Abu Dhabi,6.0,30638,0.583,0.453,84,38,58,40,40071,Fair
SME0463,Hospitality,Dubai,5.4,109492,-0.252,0.234,204,32,42,18,108884,Good
SME0464,Logistics,Dubai,3.8,34728,0.149,0.466,61,34,9,24,28212,Excellent
SME0465,Construction,Sharjah,6.5,273623,-0.159,0.057,611,12,27,57,143658,Good
SME0466,Manufacturing,Sharjah,2.9,255735,0.304,0.454,726,8,78,42,194834,Excellent
SME0467,Healthcare,Abu Dhabi,1.7,662700,-0.126,0.094,1374,46,38,25,813434,Excellent
SME0468,Hospitality,Dubai,5.1,235504,-0.068,0.237,558,31,28,31,164500,Good
SME0469,Retail,Sharjah,8.3,76155,-0.05,0.604,181,24,14,24,65944,Good
SME0470,F&B,Dubai,1.4,185877,0.063,0.134,478,41,13,8,192304,Good
SME0471,F&B,Fujairah,3.2,28267,0.151,0.489,50,47,44,70,24269,Good
SME0472,F&B,Dubai,5.0,40920,0.186,0.183,85,36,14,12,48461,Good
SME0473,Retail,Dubai,4.9,144809,0.079,0.132,252,37,34,19,104954,Good
SME0474,Retail,Abu Dhabi,7.1,18000,-0.213,0.244,29,31,26,111,10000,Good
SME0475,E-commerce,Abu Dhabi,15.1,121561,0.24,0.283,241,59,33,10,159470,Fair
SME0476,Logistics,Abu Dhabi,0.5,59584,0.068,0.264,153,28,25,23,67896,Good
SME0477,F&B,Abu Dhabi,15.6,101072,0.336,0.117,176,20,37,60,118544,Excellent
SME0478,Healthcare,Umm Al Quwain,14.7,52378,-0.076,0.362,104,30,49,80,43979,Fair
SME0479,Healthcare,Abu Dhabi,8.9,187762,-0.273,0.198,246,45,25,35,162484,Fair
SME0480,F&B,Abu Dhabi,5.7,94269,0.073,0.195,193,61,47,56,74221,Excellent
SME0481,F&B,Abu Dhabi,2.9,304916,0.365,0.4,571,106,63,21,468603,Good
SME0482,E-commerce,Dubai,8.8,126183,0.115,0.49,260,42,34,2,186324,Fair
SME0483,Construction,Abu Dhabi,5.9,90822,0.036,0.349,207,91,44,53,84507,Excellent
SME0484,Logistics,Dubai,3.8,114980,-0.111,0.159,274,26,11,25,81534,Poor
SME0485,Retail,Abu Dhabi,8.6,34801,0.467,0.432,72,23,25,19,59144,Good
SME0486,F&B,Dubai,9.7,130967,-0.147,0.103,256,51,9,18,170863,Fair
SME0487,F&B,Umm Al Quwain,11.9,153101,-0.08,0.072,260,56,20,40,117108,Poor
SME0488,E-commerce,Abu Dhabi,2.6,1023336,0.205,0.072,2101,44,26,40,1319418,Poor
SME0489,Construction,Ras Al Khaimah,10.9,102893,-0.328,0.12,261,150,82,25,145493,Good
SME0490,Construction,Abu Dhabi,3.9,139021,0.36,0.29,338,27,16,34,166188,Fair
SME0491,Manufacturing,Dubai,5.7,113690,0.217,0.403,390,81,27,10,160361,Excellent
SME0492,Healthcare,Ajman,6.5,156783,0.278,0.156,241,24,14,22,231400,Good
SME0493,Healthcare,Sharjah,10.3,181092,0.203,0.427,470,58,24,11,188514,Fair
SME0494,Logistics,Ajman,8.1,135536,0.045,0.045,239,40,38,10,165332,Good
SME0495,Professional Services,Abu Dhabi,3.8,247216,-0.154,0.343,512,46,41,32,165337,Fair
SME0496,Construction,Abu Dhabi,0.5,103318,0.049,0.142,212,51,22,26,116276,Excellent
SME0497,F&B,Ras Al Khaimah,7.0,214428,-0.135,0.201,492,41,18,18,229226,Excellent
SME0498,Healthcare,Abu Dhabi,5.5,206911,0.187,0.24,582,37,68,21,269424,Excellent
SME0499,Logistics,Dubai,1.6,140384,0.257,0.258,421,10,21,34,179716,Good
SME0500,Construction,Sharjah,6.0,133560,0.405,0.278,203,67,5,40,217638,Excellent
SME0501,Manufacturing,Sharjah,5.0,1459050,0.162,0.116,3147,16,57,36,1577193,Good
SME0502,Trading,Fujairah,11.8,76268,0.283,0.246,130,31,6,5,81534,Poor
SME0503,Trading,Dubai,16.2,196755,0.015,0.13,319,48,57,3,276271,Fair
SME0504,F&B,Abu Dhabi,9.5,49011,-0.025,0.078,122,19,9,13,42911,Fair
SME0505,Construction,Ajman,4.7,796340,0.184,0.26,1590,37,10,3,904257,Excellent
SME0506,Professional Services,Abu Dhabi,5.3,208656,-0.005,0.229,458,63,12,65,189809,Good
SME0507,Logistics,Sharjah,2.6,79679,0.139,0.055,256,31,20,20,78981,Fair
SME0508,Professional Services,Abu Dhabi,3.0,151804,-0.153,0.107,355,37,58,8,159948,Excellent
SME0509,F&B,Dubai,4.5,115442,-0.114,0.056,222,21,13,20,91982,Good
SME0510,Retail,Sharjah,4.2,70324,0.22,0.475,180,33,37,4,71615,Poor
SME0511,Retail,Dubai,1.5,207822,0.275,0.081,506,17,32,8,305106,Excellent
SME0512,Professional Services,Dubai,11.9,136701,-0.137,0.242,319,45,29,19,170890,Poor
SME0513,Retail,Abu Dhabi,12.9,131051,0.228,0.223,186,14,51,17,140489,Excellent
SME0514,E-commerce,Sharjah,11.6,121071,-0.037,0.427,527,26,31,19,139727,Excellent
SME0515,Logistics,Ras Al Khaimah,13.2,204589,0.084,0.04,401,41,32,34,194382,Excellent
SME0516,E-commerce,Dubai,19.3,152473,0.392,0.475,363,35,43,47,173687,Poor
SME0517,Logistics,Dubai,2.6,149133,0.258,0.375,400,50,20,27,230961,Good
SME0518,Manufacturing,Fujairah,18.7,107556,0.255,0.293,258,37,28,49,126702,Fair
SME0519,Retail,Dubai,3.8,460331,0.5,0.295,868,10,34,17,702742,Good
SME0520,Professional Services,Dubai,7.7,40206,-0.075,0.288,75,18,49,53,28105,Fair
SME0521,Trading,Dubai,1.2,219688,-0.137,0.092,465,40,25,28,194362,Good
SME0522,Logistics,Abu Dhabi,3.4,108030,-0.079,0.22,186,72,27,45,83196,Good
SME0523,Retail,Ras Al Khaimah,9.7,486803,0.024,0.356,808,65,37,17,698848,Fair
SME0524,Healthcare,Sharjah,8.0,60740,-0.35,0.335,111,150,26,27,74650,Fair
SME0525,Retail,Sharjah,3.7,58397,0.034,0.234,152,28,17,87,40220,Fair
SME0526,Logistics,Dubai,5.3,62194,-0.04,0.174,122,61,43,27,49799,Excellent
SME0527,Hospitality,Dubai,3.1,150804,0.252,0.179,296,59,31,47,197117,Fair
SME0528,Hospitality,Abu Dhabi,9.7,35657,0.158,0.052,101,93,21,51,41929,Excellent
SME0529,Professional Services,Dubai,12.4,65375,-0.052,0.296,250,79,12,38,82452,Poor
SME0530,Logistics,Dubai,2.6,22762,0.21,0.088,110,47,6,43,25879,Good
SME0531,Manufacturing,Dubai,4.9,227518,0.239,0.134,496,56,38,17,227665,Excellent
SME0532,Manufacturing,Dubai,1.5,121230,-0.089,0.032,250,50,16,13,89175,Good
SME0533,Logistics,Abu Dhabi,5.9,40035,-0.028,0.097,130,39,8,11,32994,Good
SME0534,Healthcare,Sharjah,7.2,329420,-0.35,0.149,572,53,15,33,366530,Good
SME0535,Retail,Dubai,6.2,35900,-0.16,0.073,77,44,34,26,41416,Fair
SME0536,E-commerce,Abu Dhabi,6.8,247005,-0.083,0.443,404,43,16,32,209276,Fair
SME0537,Construction,Ajman,4.5,96194,0.096,0.038,195,95,34,9,134164,Excellent
SME0538,E-commerce,Sharjah,4.6,489479,-0.128,0.152,1520,47,19,15,421118,Good
SME0539,E-commerce,Ajman,4.4,237252,-0.033,0.088,470,42,27,46,256177,Fair
SME0540,Professional Services,Abu Dhabi,3.3,41681,-0.19,0.211,79,36,29,29,48733,Poor
SME0541,Hospitality,Ajman,3.6,52537,0.118,0.292,137,34,42,28,61876,Good
SME0542,Construction,Dubai,7.0,292056,0.174,0.229,1055,18,43,21,225801,Poor
SME0543,Professional Services,Dubai,11.9,78560,0.169,0.333,170,39,28,14,86822,Excellent
SME0544,Hospitality,Dubai,2.2,99196,0.083,0.497,301,74,14,55,138583,Fair
SME0545,Retail,Abu Dhabi,4.6,321709,-0.259,0.038,550,28,55,61,203628,Fair
SME0546,F&B,Dubai,1.8,49075,-0.056,0.236,122,119,21,27,71402,Good
SME0547,F&B,Dubai,3.4,100216,-0.01,0.533,153,7,3,23,100934,Excellent
SME0548,Retail,Sharjah,3.8,245594,-0.009,0.098,1259,52,33,64,245719,Fair
SME0549,Professional Services,Dubai,5.6,195319,0.096,0.156,419,45,34,15,229466,Good
SME0550,F&B,Dubai,5.5,80968,0.394,0.152,130,94,22,18,131336,Excellent
SME0551,F&B,Dubai,4.9,72541,0.259,0.228,211,26,9,45,96411,Excellent
SME0552,Retail,Abu Dhabi,6.6,24885,-0.137,0.121,58,16,7,18,20033,Fair
SME0553,E-commerce,Dubai,2.4,51121,0.229,0.27,127,35,23,26,72465,Excellent
SME0554,Trading,Dubai,5.6,200201,0.221,0.223,544,31,13,3,230639,Good
SME0555,Retail,Dubai,8.1,97032,-0.097,0.347,202,12,48,62,75589,Poor
SME0556,E-commerce,Sharjah,2.4,133713,0.267,0.24,454,42,22,42,192606,Fair
SME0557,Logistics,Fujairah,0.9,343084,0.045,0.537,786,30,20,52,297872,Good
SME0558,F&B,Abu Dhabi,9.6,33801,-0.23,0.116,66,85,77,12,36324,Good
SME0559,Construction,Sharjah,1.9,142807,0.18,0.45,337,42,4,70,100532,Excellent
SME0560,F&B,Ras Al Khaimah,3.2,108867,0.128,0.072,330,24,27,24,128973,Good
SME0561,Retail,Umm Al Quwain,8.0,59962,0.03,0.12,105,39,6,55,55344,Excellent
SME0562,E-commerce,Abu Dhabi,2.3,423588,0.072,0.305,788,44,58,33,365994,Excellent
SME0563,Professional Services,Ras Al Khaimah,9.2,212551,-0.078,0.121,654,55,8,44,247388,Excellent
SME0564,Healthcare,Ras Al Khaimah,2.9,167533,0.214,0.275,568,40,35,34,235357,Good
SME0565,Healthcare,Ajman,2.6,601642,0.07,0.149,1792,116,32,18,1043263,Excellent
SME0566,Manufacturing,Abu Dhabi,1.8,51874,0.117,0.078,101,18,6,6,56536,Excellent
SME0567,Professional Services,Dubai,2.9,97545,0.159,0.231,202,29,35,58,116131,Fair
SME0568,Retail,Dubai,7.3,148953,-0.174,0.071,273,24,19,2,174732,Excellent
SME0569,Logistics,Abu Dhabi,3.2,65186,-0.117,0.173,159,32,39,47,41126,Fair
SME0570,Construction,Abu Dhabi,9.6,225395,-0.35,0.166,665,47,18,58,249242,Good
SME0571,Logistics,Dubai,5.0,55369,0.204,0.416,99,46,35,8,70584,Good
SME0572,Professional Services,Abu Dhabi,5.3,176595,-0.187,0.219,460,54,26,18,230321,Excellent
SME0573,F&B,Abu Dhabi,2.5,227895,0.109,0.453,482,42,35,7,298010,Excellent
SME0574,Professional Services,Ajman,10.6,123763,0.162,0.136,469,44,39,16,156036,Fair
SME0575,Trading,Dubai,8.2,31622,0.213,0.498,83,43,24,52,30256,Good
SME0576,F&B,Dubai,8.0,40770,-0.185,0.293,71,30,21,43,24316,Excellent
SME0577,Trading,Ajman,4.3,246835,0.066,0.14,678,29,38,39,193872,Good
SME0578,Construction,Ajman,1.6,177730,0.447,0.137,324,24,19,19,262182,Good
SME0579,Trading,Umm Al Quwain,5.5,18000,0.457,0.232,106,56,24,2,34071,Excellent
SME0580,Logistics,Ras Al Khaimah,7.1,407897,0.297,0.319,1065,8,65,9,326875,Good
SME0581,F&B,Ras Al Khaimah,7.1,104155,0.154,0.111,243,43,27,21,96808,Good
SME0582,Construction,Dubai,6.5,87011,-0.141,0.46,132,62,43,11,106261,Good
SME0583,Retail,Dubai,6.3,254158,0.238,0.086,821,71,17,47,275399,Fair
SME0584,F&B,Dubai,2.8,52134,0.045,0.057,98,6,35,72,26701,Good
SME0585,Trading,Abu Dhabi,3.0,85075,0.203,0.127,147,31,24,33,68311,Fair
SME0586,Healthcare,Fujairah,1.9,177535,-0.059,0.544,489,25,22,8,180689,Good
SME0587,E-commerce,Dubai,9.7,570144,0.042,0.169,1407,29,6,59,487292,Good
SME0588,Logistics,Abu Dhabi,15.8,563777,0.116,0.2,1207,80,13,28,850484,Fair
SME0589,E-commerce,Dubai,25.0,170334,0.134,0.385,626,25,5,25,152338,Good
SME0590,Retail,Dubai,5.8,161624,0.189,0.223,409,62,80,37,150667,Excellent
SME0591,Trading,Dubai,6.3,299313,-0.047,0.444,496,43,25,9,361034,Poor
SME0592,F&B,Dubai,4.5,31858,-0.216,0.11,62,28,28,19,37612,Poor
SME0593,Logistics,Fujairah,5.8,245215,0.437,0.416,569,27,48,24,295032,Good
SME0594,Healthcare,Dubai,2.3,70148,0.628,0.287,151,46,33,31,133695,Good
SME0595,Retail,Ajman,4.4,143015,0.178,0.02,275,38,21,33,178981,Fair
SME0596,E-commerce,Sharjah,2.6,103406,-0.211,0.264,191,12,22,37,99137,Poor
SME0597,Manufacturing,Dubai,4.0,283979,-0.09,0.162,741,21,12,16,241490,Good
SME0598,Healthcare,Dubai,2.8,144742,0.192,0.228,228,47,37,5,136869,Excellent
SME0599,Hospitality,Ajman,7.1,18000,0.375,0.105,30,17,37,21,16880,Fair
SME0600,Healthcare,Dubai,7.7,152418,-0.187,0.406,287,67,28,23,191551,Excellent
SME0601,F&B,Ras Al Khaimah,6.2,160061,0.053,0.507,459,14,25,5,185171,Fair
SME0602,Professional Services,Dubai,3.0,143441,0.123,0.115,438,33,38,15,149714,Good
SME0603,Trading,Sharjah,1.7,139983,0.27,0.328,341,57,12,29,131473,Good
SME0604,Manufacturing,Ajman,7.7,748979,0.004,0.209,1638,20,34,17,491147,Excellent
SME0605,Hospitality,Dubai,5.0,149262,-0.264,0.149,628,16,67,28,129920,Good
SME0606,Professional Services,Dubai,0.9,142438,0.217,0.244,280,51,17,17,221231,Good
SME0607,Trading,Fujairah,5.5,371124,0.327,0.234,614,63,23,39,461445,Good
SME0608,Retail,Dubai,6.3,148480,0.062,0.177,286,35,57,11,167863,Excellent
SME0609,Manufacturing,Abu Dhabi,1.2,86449,0.169,0.42,234,30,28,25,94305,Excellent
SME0610,F&B,Abu Dhabi,7.1,18000,-0.024,0.245,51,13,45,26,18098,Fair
SME0611,Construction,Dubai,1.4,116361,-0.106,0.345,239,41,35,46,122024,Good
SME0612,Healthcare,Sharjah,2.7,249977,0.306,0.264,579,10,37,20,229384,Fair
SME0613,Hospitality,Sharjah,1.4,84852,0.165,0.137,169,81,17,71,106329,Good
SME0614,Hospitality,Dubai,2.5,226340,0.188,0.299,433,36,16,69,258834,Fair
SME0615,E-commerce,Ajman,1.8,142369,0.41,0.215,245,21,41,12,233428,Good
SME0616,Manufacturing,Dubai,9.7,554313,-0.152,0.474,1765,26,9,25,514729,Excellent
SME0617,Manufacturing,Dubai,4.2,144306,-0.041,0.367,303,43,24,8,119314,Excellent
SME0618,Logistics,Abu Dhabi,3.5,211047,0.115,0.578,519,29,38,35,211740,Excellent
SME0619,Retail,Umm Al Quwain,10.3,167712,-0.044,0.493,383,39,23,17,179502,Fair
SME0620,Retail,Dubai,9.9,390960,0.252,0.149,706,19,25,27,366015,Fair
SME0621,Professional Services,Dubai,3.7,23017,0.039,0.118,41,72,46,21,34119,Fair
SME0622,F&B,Abu Dhabi,6.1,62808,-0.138,0.058,102,27,61,120,27861,Fair
SME0623,Hospitality,Ajman,3.2,235633,0.094,0.129,470,8,99,23,262430,Fair
SME0624,F&B,Dubai,4.6,345067,0.117,0.26,790,31,58,21,340601,Poor
SME0625,Hospitality,Dubai,2.0,140484,0.286,0.24,335,24,20,48,104525,Fair
SME0626,F&B,Sharjah,6.7,72307,0.166,0.088,299,70,15,53,85175,Excellent
SME0627,Professional Services,Dubai,10.5,186874,0.181,0.247,306,21,20,30,204021,Excellent
SME0628,Retail,Dubai,9.4,228296,0.15,0.265,555,29,38,54,259950,Good
SME0629,Construction,Dubai,5.2,128578,0.039,0.231,252,44,22,109,90911,Fair
SME0630,Professional Services,Dubai,0.8,130014,-0.078,0.125,245,55,17,20,102188,Good
SME0631,Trading,Abu Dhabi,3.0,416616,0.144,0.435,1386,84,65,9,711183,Good
SME0632,Professional Services,Ras Al Khaimah,4.6,489691,0.007,0.205,1444,22,21,33,426775,Fair
SME0633,Retail,Sharjah,1.5,205092,0.452,0.191,323,78,36,50,261041,Good
SME0634,Logistics,Sharjah,1.3,147249,0.375,0.103,304,68,36,67,235156,Good
SME0635,Retail,Umm Al Quwain,12.4,104197,0.219,0.598,274,24,6,38,83311,Fair
SME0636,Retail,Dubai,8.6,175218,0.163,0.286,403,22,63,26,135039,Good
SME0637,Manufacturing,Dubai,7.1,168099,0.061,0.14,290,49,12,14,187390,Good
SME0638,Manufacturing,Fujairah,8.0,217907,-0.197,0.235,388,38,9,58,190878,Good
SME0639,Professional Services,Dubai,1.8,39952,0.032,0.293,146,49,20,31,40213,Good
SME0640,Trading,Sharjah,2.4,459995,0.102,0.217,712,32,15,5,626814,Good
SME0641,Manufacturing,Sharjah,5.8,70366,0.13,0.321,124,41,57,87,51091,Excellent
SME0642,Professional Services,Dubai,6.2,68006,0.183,0.119,158,36,32,10,102326,Good
SME0643,Retail,Abu Dhabi,1.5,118534,0.283,0.159,386,49,18,51,98541,Fair
SME0644,E-commerce,Dubai,5.5,681534,-0.072,0.282,1182,22,8,30,443087,Excellent
SME0645,Healthcare,Dubai,4.7,91404,-0.07,0.458,180,42,35,6,76324,Good
SME0646,Trading,Abu Dhabi,9.2,86713,0.399,0.152,315,83,23,24,100185,Good
SME0647,Retail,Dubai,6.2,68310,0.25,0.262,162,80,38,20,92175,Good
SME0648,Construction,Ajman,13.4,715020,-0.006,0.333,867,45,33,7,906422,Good
SME0649,Manufacturing,Ras Al Khaimah,3.8,18000,0.056,0.228,40,21,15,35,18756,Good
SME0650,Retail,Ajman,1.9,46522,0.057,0.09,129,105,41,46,65985,Good
SME0651,F&B,Dubai,13.1,945129,0.087,0.67,2873,49,11,25,716241,Fair
SME0652,Trading,Dubai,6.4,252388,0.184,0.113,381,99,22,20,439658,Good
SME0653,Manufacturing,Dubai,4.7,72442,0.638,0.255,131,50,24,37,106645,Poor
SME0654,E-commerce,Dubai,2.5,121071,0.122,0.13,196,6,26,1,136973,Good
SME0655,Trading,Fujairah,3.8,161750,0.226,0.207,337,104,10,18,275796,Fair
SME0656,Logistics,Dubai,3.6,291143,-0.291,0.218,485,63,55,19,253865,Good
SME0657,Trading,Dubai,1.8,729452,-0.027,0.105,2095,40,15,25,698092,Fair
SME0658,Logistics,Ajman,0.6,197330,0.35,0.091,420,11,7,7,301257,Fair
SME0659,Healthcare,Dubai,3.6,82744,0.169,0.157,171,67,33,4,93722,Good
SME0660,F&B,Dubai,8.1,181045,-0.35,0.205,294,50,79,11,214367,Good
SME0661,E-commerce,Dubai,11.1,69303,0.228,0.394,142,121,6,35,134339,Poor
SME0662,Trading,Abu Dhabi,9.4,63458,0.502,0.122,169,94,13,19,99817,Poor
SME0663,E-commerce,Ajman,9.8,28109,-0.35,0.191,61,98,47,11,33532,Poor
SME0664,Retail,Dubai,2.0,28844,0.414,0.171,116,45,27,78,32920,Excellent
SME0665,Logistics,Ras Al Khaimah,5.9,66197,-0.35,0.238,386,44,10,20,77389,Excellent
SME0666,Manufacturing,Ras Al Khaimah,7.1,68153,0.286,0.413,124,50,24,26,83382,Good
SME0667,Professional Services,Ajman,7.4,128142,0.078,0.309,316,26,68,58,105849,Fair
SME0668,Hospitality,Dubai,4.6,41328,-0.35,0.174,99,40,59,28,32272,Excellent
SME0669,Logistics,Dubai,5.4,18000,0.178,0.343,33,36,110,37,24591,Good
SME0670,F&B,Ras Al Khaimah,9.2,38183,0.333,0.075,62,77,42,13,70456,Good
SME0671,Retail,Dubai,6.9,73051,0.16,0.168,142,86,19,27,101966,Excellent
SME0672,Construction,Abu Dhabi,7.8,104336,0.209,0.321,153,58,46,72,141287,Fair
SME0673,Hospitality,Sharjah,3.4,416810,-0.011,0.297,817,23,16,34,386112,Excellent
SME0674,Manufacturing,Dubai,7.5,110097,-0.33,0.168,226,108,25,30,176359,Fair
SME0675,Healthcare,Ajman,5.4,276816,0.232,0.162,578,66,16,21,289629,Good
SME0676,F&B,Fujairah,8.6,91249,0.465,0.071,309,48,42,8,114410,Good
SME0677,Trading,Sharjah,2.8,147342,0.329,0.244,261,55,40,54,223183,Good
SME0678,F&B,Abu Dhabi,8.2,45588,-0.35,0.091,291,15,18,24,36106,Good
SME0679,Retail,Ras Al Khaimah,3.8,103781,-0.253,0.12,273,36,53,15,92555,Good
SME0680,Logistics,Abu Dhabi,8.2,74016,-0.106,0.248,163,81,63,8,103124,Fair
SME0681,Retail,Sharjah,5.9,126061,-0.27,0.559,355,15,19,31,109516,Good
SME0682,E-commerce,Ajman,5.1,102637,0.09,0.278,259,14,35,10,89958,Excellent
SME0683,Retail,Sharjah,4.0,48877,0.167,0.234,73,67,65,54,51890,Fair
SME0684,F&B,Dubai,4.7,215473,-0.235,0.049,370,53,33,15,213433,Excellent
SME0685,Healthcare,Dubai,3.6,188177,0.251,0.168,512,15,22,27,155335,Good
SME0686,Logistics,Dubai,3.9,96907,0.212,0.601,246,34,26,33,88888,Good
SME0687,F&B,Abu Dhabi,6.8,104941,-0.041,0.212,354,48,19,31,103457,Good
SME0688,Hospitality,Abu Dhabi,1.1,106675,0.042,0.382,200,45,54,46,116508,Excellent
SME0689,Professional Services,Abu Dhabi,8.1,46966,-0.349,0.245,112,50,50,17,45858,Excellent
SME0690,Construction,Dubai,8.2,185336,0.007,0.279,866,32,89,26,157349,Excellent
SME0691,E-commerce,Ajman,4.1,74006,0.082,0.384,160,46,16,38,81317,Good
SME0692,Trading,Ras Al Khaimah,5.5,68410,0.117,0.351,136,58,18,68,53624,Good
SME0693,E-commerce,Dubai,2.3,31584,0.163,0.022,56,55,9,44,32461,Fair
SME0694,Logistics,Sharjah,6.5,104563,0.134,0.024,237,33,38,50,82007,Excellent
SME0695,Trading,Sharjah,2.5,247310,0.022,0.166,610,61,12,20,293859,Excellent
SME0696,Construction,Abu Dhabi,0.5,96717,0.143,0.475,141,21,86,34,71395,Fair
SME0697,Manufacturing,Dubai,10.8,1580467,0.3,0.292,3506,26,15,61,1587358,Good
SME0698,Healthcare,Ajman,2.1,277938,0.059,0.255,518,67,6,25,333675,Fair
SME0699,Healthcare,Fujairah,4.7,396726,0.15,0.168,1030,60,11,34,550378,Excellent
SME0700,Logistics,Sharjah,5.7,278820,0.039,0.135,523,35,33,6,326921,Excellent
SME0701,E-commerce,Ras Al Khaimah,6.8,606038,-0.062,0.088,2201,26,26,41,629805,Good
SME0702,Logistics,Umm Al Quwain,5.0,72650,0.195,0.629,184,28,15,30,85393,Good
SME0703,Retail,Dubai,6.0,18000,-0.042,0.175,59,57,25,39,16000,Good
SME0704,Trading,Abu Dhabi,4.0,104534,0.165,0.11,277,51,18,20,103471,Excellent
SME0705,E-commerce,Abu Dhabi,1.3,201642,0.086,0.183,336,25,38,5,153116,Excellent
SME0706,Construction,Umm Al Quwain,4.8,198549,0.013,0.428,527,60,12,42,170866,Fair
SME0707,Professional Services,Dubai,7.4,124094,0.008,0.378,231,34,30,15,93629,Good
SME0708,Professional Services,Dubai,2.2,301768,-0.032,0.49,477,22,31,7,258443,Fair
SME0709,F&B,Ras Al Khaimah,5.7,128313,-0.282,0.172,287,30,26,29,127395,Good
SME0710,F&B,Dubai,15.1,182875,0.164,0.345,321,42,35,73,191057,Good
SME0711,Hospitality,Ajman,4.6,51542,0.131,0.155,100,59,25,13,55627,Excellent
SME0712,Manufacturing,Dubai,4.8,73097,0.267,0.295,158,57,42,15,97434,Poor
SME0713,Professional Services,Umm Al Quwain,1.2,387177,-0.037,0.073,717,38,26,43,279971,Excellent
SME0714,Trading,Ras Al Khaimah,2.0,166415,0.497,0.335,248,45,55,22,244268,Excellent
SME0715,Professional Services,Dubai,2.5,57809,-0.004,0.624,155,36,30,42,50325,Fair
SME0716,E-commerce,Sharjah,7.2,73982,-0.113,0.145,221,25,53,21,58075,Excellent
SME0717,Construction,Dubai,2.3,100534,-0.139,0.077,307,39,18,18,83418,Good
SME0718,Retail,Abu Dhabi,0.8,59718,-0.301,0.684,105,11,13,13,65678,Excellent
SME0719,Healthcare,Sharjah,6.4,43987,0.417,0.39,75,87,42,32,69778,Fair
SME0720,Hospitality,Ajman,2.7,31998,0.382,0.269,83,45,26,13,46051,Good
SME0721,Construction,Dubai,1.2,147894,0.212,0.493,764,52,4,18,128977,Fair
SME0722,F&B,Dubai,7.8,56022,-0.117,0.411,152,26,16,53,35177,Fair
SME0723,Retail,Sharjah,3.7,279592,0.478,0.168,542,44,33,94,299490,Good
SME0724,Hospitality,Abu Dhabi,6.8,146958,0.003,0.099,332,49,25,35,179933,Excellent
SME0725,Retail,Abu Dhabi,1.2,136697,0.021,0.412,290,35,15,55,91582,Fair
SME0726,Retail,Dubai,0.5,58009,0.396,0.104,150,36,26,19,68321,Fair
SME0727,E-commerce,Dubai,5.3,113197,0.225,0.133,198,17,29,21,156877,Fair
SME0728,Retail,Ras Al Khaimah,1.9,148279,0.564,0.539,302,103,7,30,260732,Excellent
SME0729,F&B,Dubai,5.3,170459,0.135,0.12,328,26,52,15,159389,Fair
SME0730,Construction,Dubai,5.4,161167,-0.007,0.23,344,28,59,18,159687,Fair
SME0731,Logistics,Fujairah,4.9,354910,-0.055,0.508,692,90,16,41,399539,Poor
SME0732,Retail,Dubai,9.7,109841,-0.326,0.049,217,53,78,26,140955,Excellent
SME0733,Retail,Sharjah,23.3,214040,0.019,0.476,632,59,25,23,171004,Fair
SME0734,Logistics,Dubai,6.3,93526,0.332,0.049,189,16,17,22,128071,Fair
SME0735,Retail,Ras Al Khaimah,15.0,23372,0.212,0.173,43,44,17,11,24844,Fair
SME0736,Manufacturing,Sharjah,3.7,232986,0.084,0.078,396,16,75,29,248123,Fair
SME0737,E-commerce,Ras Al Khaimah,1.6,232417,-0.139,0.22,465,23,12,15,253982,Fair
SME0738,Logistics,Dubai,2.9,231286,0.13,0.211,692,111,30,6,415790,Good
SME0739,F&B,Abu Dhabi,3.9,132766,0.303,0.079,376,21,32,10,195502,Excellent
SME0740,F&B,Sharjah,15.8,68953,0.175,0.265,173,58,42,23,94490,Good
SME0741,Retail,Dubai,5.1,54955,0.117,0.093,116,22,28,39,39830,Fair
SME0742,Retail,Dubai,9.9,174376,-0.095,0.3,401,24,72,46,101064,Excellent
SME0743,Trading,Dubai,3.5,219466,0.271,0.122,696,148,80,8,355919,Good
SME0744,Retail,Fujairah,3.2,67727,-0.35,0.288,215,38,62,36,60598,Poor
SME0745,F&B,Sharjah,1.1,238111,0.164,0.066,1202,15,34,76,167080,Poor
SME0746,F&B,Abu Dhabi,15.5,43785,0.645,0.218,579,59,47,47,79339,Fair
SME0747,Logistics,Sharjah,12.1,86368,-0.252,0.12,199,78,22,28,109584,Fair
SME0748,F&B,Abu Dhabi,5.7,372668,0.027,0.162,512,62,53,30,507489,Excellent
SME0749,Professional Services,Abu Dhabi,4.1,205445,0.078,0.278,309,36,18,27,192638,Good
SME0750,Professional Services,Abu Dhabi,5.2,72427,-0.022,0.094,218,37,14,17,81777,Good
SME0751,E-commerce,Sharjah,1.5,160177,0.308,0.026,342,29,14,49,202422,Fair
SME0752,Logistics,Dubai,6.8,161771,0.184,0.022,590,19,38,12,224805,Good
SME0753,E-commerce,Ras Al Khaimah,11.5,18000,0.114,0.209,62,48,66,29,22676,Excellent
SME0754,F&B,Ajman,11.9,42915,0.255,0.376,140,35,70,6,46404,Fair
SME0755,Manufacturing,Dubai,1.2,177621,0.084,0.393,420,16,4,52,102434,Good
SME0756,E-commerce,Abu Dhabi,9.9,92655,0.65,0.421,216,38,49,28,184835,Fair
SME0757,Logistics,Dubai,1.5,174976,0.113,0.167,364,26,13,7,209139,Good
SME0758,Trading,Umm Al Quwain,0.5,398926,0.123,0.609,753,47,98,63,454120,Fair
SME0759,Retail,Ras Al Khaimah,10.1,83008,-0.296,0.487,203,44,10,24,94802,Good
SME0760,F&B,Fujairah,3.3,37740,-0.04,0.481,83,32,7,9,41780,Fair
SME0761,Manufacturing,Dubai,9.2,244447,0.332,0.128,767,39,49,80,297924,Fair
SME0762,Retail,Dubai,8.7,82650,-0.214,0.412,286,41,21,21,100626,Excellent
SME0763,Retail,Dubai,8.0,95544,-0.35,0.268,354,67,20,14,133490,Good
SME0764,Retail,Dubai,5.2,85135,0.087,0.15,161,39,16,30,79678,Poor
SME0765,Trading,Dubai,1.7,1026879,0.382,0.498,2508,29,18,10,975453,Excellent
SME0766,Retail,Dubai,3.9,18000,0.089,0.088,80,34,51,17,13483,Fair
SME0767,E-commerce,Umm Al Quwain,12.0,90190,0.006,0.089,204,98,14,59,96466,Excellent
SME0768,Retail,Dubai,9.4,108756,-0.329,0.311,362,22,24,21,114529,Fair
SME0769,Retail,Dubai,4.1,56164,0.179,0.117,87,35,13,35,71967,Excellent
SME0770,Healthcare,Ajman,4.0,281299,0.225,0.164,739,35,29,60,268099,Good
SME0771,E-commerce,Abu Dhabi,7.5,250454,-0.312,0.158,471,36,20,21,208297,Good
SME0772,Construction,Sharjah,5.5,167613,0.33,0.351,289,12,36,13,198347,Excellent
SME0773,Healthcare,Abu Dhabi,4.2,104011,0.248,0.551,310,18,39,39,128572,Good
SME0774,Professional Services,Ras Al Khaimah,7.1,89275,0.329,0.3,194,34,67,8,125763,Fair
SME0775,Retail,Abu Dhabi,6.9,99801,0.208,0.228,193,28,95,12,89263,Fair
SME0776,Trading,Abu Dhabi,3.0,142894,0.224,0.213,308,47,17,7,166010,Poor
SME0777,Healthcare,Sharjah,6.2,111583,0.195,0.217,226,72,42,58,134559,Fair
SME0778,E-commerce,Abu Dhabi,6.6,155491,0.271,0.291,535,49,19,27,198287,Good
SME0779,Professional Services,Dubai,4.9,186255,-0.32,0.059,361,42,39,40,201241,Good
SME0780,Trading,Abu Dhabi,2.7,53678,-0.25,0.172,137,51,38,13,70710,Poor
SME0781,E-commerce,Dubai,3.8,51364,-0.082,0.105,104,45,37,34,36649,Good
SME0782,Trading,Ajman,2.3,34552,0.051,0.181,62,39,44,35,27552,Good
SME0783,F&B,Dubai,6.4,193672,0.165,0.285,365,65,30,80,185111,Fair
SME0784,Healthcare,Dubai,1.2,161959,0.151,0.264,329,3,21,38,123443,Poor
SME0785,Hospitality,Dubai,12.8,176005,0.326,0.509,334,33,29,46,191579,Good
SME0786,Logistics,Ajman,11.1,42078,0.333,0.365,79,18,90,28,35182,Excellent
SME0787,Professional Services,Dubai,6.7,447685,-0.112,0.028,711,28,18,2,323463,Good
SME0788,Logistics,Sharjah,9.0,84528,0.132,0.287,190,26,22,32,99933,Fair
SME0789,Professional Services,Ras Al Khaimah,8.6,113280,-0.107,0.45,241,113,16,22,113003,Good
SME0790,Healthcare,Dubai,5.5,270641,0.039,0.334,482,74,6,22,375150,Fair
SME0791,E-commerce,Sharjah,4.3,54221,0.151,0.4,139,43,26,18,54409,Good
SME0792,F&B,Dubai,4.0,58285,-0.35,0.33,201,26,40,22,46055,Good
SME0793,Logistics,Dubai,13.1,165158,0.61,0.409,324,65,14,15,213131,Good
SME0794,Retail,Sharjah,2.6,1237807,0.205,0.277,2911,42,61,43,954345,Good
SME0795,Retail,Ras Al Khaimah,2.7,140921,-0.051,0.27,462,33,36,11,124458,Fair
SME0796,Logistics,Dubai,9.5,555582,0.504,0.346,1089,42,51,73,845123,Excellent
SME0797,Retail,Abu Dhabi,8.9,304012,0.004,0.161,489,34,33,40,330022,Fair
SME0798,E-commerce,Dubai,4.1,171540,0.109,0.131,674,51,24,51,127579,Good
SME0799,Manufacturing,Abu Dhabi,7.2,80002,-0.027,0.247,140,17,21,12,50966,Poor
SME0800,Manufacturing,Abu Dhabi,7.9,456534,0.443,0.181,3137,51,33,17,530238,Fair
SME0801,Manufacturing,Abu Dhabi,1.6,51908,0.057,0.417,129,34,34,27,58227,Excellent
SME0802,Logistics,Abu Dhabi,11.6,552997,0.113,0.549,824,66,19,26,536456,Poor
SME0803,Trading,Dubai,7.9,181041,0.345,0.109,441,75,24,40,211668,Good
SME0804,Healthcare,Sharjah,6.8,18000,0.209,0.034,39,84,80,26,30154,Good
SME0805,Retail,Sharjah,7.9,81680,0.068,0.111,151,130,29,76,125560,Poor
SME0806,Retail,Sharjah,6.3,190205,0.324,0.148,779,118,31,12,353332,Poor
SME0807,Manufacturing,Dubai,4.7,151624,0.638,0.511,331,83,69,10,221447,Fair
SME0808,E-commerce,Abu Dhabi,5.5,230387,0.15,0.437,503,64,35,16,265861,Poor
SME0809,F&B,Dubai,1.5,45024,0.106,0.095,67,19,27,22,36436,Good
SME0810,Hospitality,Dubai,16.4,37749,0.118,0.395,125,7,50,54,33124,Excellent
SME0811,Retail,Dubai,4.6,102670,0.368,0.164,254,69,43,33,169574,Excellent
SME0812,Retail,Abu Dhabi,16.2,112065,-0.052,0.155,331,23,32,2,83858,Good
SME0813,Hospitality,Sharjah,5.6,85192,0.019,0.148,261,150,34,2,166840,Good
SME0814,Construction,Dubai,3.2,495440,-0.258,0.495,846,14,22,23,402503,Good
SME0815,Retail,Ajman,11.4,52962,-0.18,0.182,117,63,12,18,67629,Good
SME0816,Trading,Abu Dhabi,6.6,199319,-0.034,0.207,520,45,40,24,142202,Excellent
SME0817,Trading,Sharjah,20.2,161821,0.068,0.386,417,15,8,22,134258,Good
SME0818,Construction,Abu Dhabi,3.1,46481,0.469,0.078,122,44,12,69,41417,Fair
SME0819,Healthcare,Abu Dhabi,11.7,42665,0.198,0.123,109,25,24,48,47385,Excellent
SME0820,E-commerce,Abu Dhabi,12.1,126739,-0.121,0.061,425,38,22,17,91788,Fair
SME0821,Retail,Fujairah,8.3,587728,-0.08,0.135,1403,38,42,25,498143,Fair
SME0822,Healthcare,Abu Dhabi,12.2,214208,0.382,0.072,526,25,49,20,316843,Good
SME0823,Logistics,Abu Dhabi,4.7,32715,0.328,0.237,91,32,87,4,49127,Fair
SME0824,Manufacturing,Abu Dhabi,2.6,18000,0.086,0.208,38,24,7,18,19145,Poor
SME0825,Professional Services,Sharjah,3.4,183090,-0.017,0.118,382,11,37,18,170739,Excellent
SME0826,Retail,Dubai,5.3,100531,0.327,0.042,262,42,36,15,143896,Fair
SME0827,Healthcare,Abu Dhabi,8.6,345379,-0.139,0.104,798,82,33,17,442037,Excellent
SME0828,E-commerce,Abu Dhabi,2.8,59347,0.166,0.427,84,25,40,21,56809,Good
SME0829,Trading,Fujairah,4.0,205696,0.58,0.202,292,105,45,35,263208,Good
SME0830,E-commerce,Abu Dhabi,2.9,257560,0.125,0.405,796,118,62,16,367276,Fair
SME0831,Healthcare,Abu Dhabi,9.6,89499,-0.091,0.215,263,30,34,59,50299,Fair
SME0832,Construction,Fujairah,16.2,121520,0.17,0.323,376,35,73,12,135679,Fair
SME0833,F&B,Abu Dhabi,2.3,94746,-0.023,0.14,164,31,34,52,74515,Fair
SME0834,Manufacturing,Dubai,7.5,294167,-0.227,0.303,731,19,20,31,195894,Good
SME0835,Manufacturing,Dubai,10.4,183220,0.234,0.048,383,35,32,9,259733,Excellent
SME0836,Construction,Dubai,4.4,399473,0.326,0.428,579,33,15,20,560240,Excellent
SME0837,Professional Services,Dubai,1.6,66303,0.012,0.323,148,42,16,71,54730,Good
SME0838,Hospitality,Abu Dhabi,11.3,37036,-0.003,0.34,69,43,25,12,47030,Fair
SME0839,F&B,Sharjah,1.5,497778,-0.132,0.107,971,18,23,72,289363,Excellent
SME0840,Construction,Sharjah,13.5,104408,0.047,0.308,275,56,61,36,92128,Good
SME0841,Retail,Dubai,2.9,67294,-0.044,0.206,117,35,25,32,48952,Excellent
SME0842,Professional Services,Abu Dhabi,1.3,92847,-0.142,0.129,267,20,13,34,78022,Good
SME0843,Construction,Dubai,3.6,184814,0.496,0.284,303,34,28,20,215879,Good
SME0844,F&B,Fujairah,5.0,66756,0.183,0.103,176,44,34,12,97314,Excellent
SME0845,Retail,Dubai,5.8,107493,0.206,0.197,274,91,30,26,131773,Excellent
SME0846,Trading,Abu Dhabi,7.9,147661,0.274,0.034,462,83,13,32,204715,Good
SME0847,F&B,Dubai,6.2,107589,0.25,0.429,317,29,65,37,119650,Good
SME0848,Manufacturing,Sharjah,15.3,25003,-0.011,0.223,63,36,7,36,19636,Poor
SME0849,Retail,Dubai,4.9,539687,0.14,0.188,3411,23,30,42,579008,Excellent
SME0850,Hospitality,Sharjah,6.4,101073,0.021,0.294,240,48,13,90,86035,Good
SME0851,E-commerce,Dubai,6.1,205518,0.176,0.4,528,30,52,31,249167,Good
SME0852,E-commerce,Ras Al Khaimah,1.1,38885,0.155,0.097,71,35,37,57,39474,Good
SME0853,Trading,Abu Dhabi,1.9,102347,-0.004,0.351,204,71,34,38,104727,Good
SME0854,Trading,Sharjah,5.4,86250,-0.212,0.112,236,18,24,96,48191,Excellent
SME0855,E-commerce,Ajman,7.0,437585,0.112,0.295,1108,83,62,27,620866,Poor
SME0856,F&B,Umm Al Quwain,0.7,56361,0.035,0.086,134,51,24,25,54028,Poor
SME0857,Manufacturing,Dubai,15.8,353273,-0.336,0.052,562,81,77,54,352315,Good
SME0858,Trading,Dubai,7.4,87870,0.192,0.094,250,61,15,55,78740,Good
SME0859,Logistics,Dubai,5.1,96533,0.292,0.141,265,67,28,21,147131,Excellent
SME0860,Construction,Dubai,7.1,141674,0.636,0.322,450,41,44,37,161154,Excellent
SME0861,Manufacturing,Abu Dhabi,3.4,552328,-0.006,0.192,2029,20,38,43,561004,Excellent
SME0862,Manufacturing,Umm Al Quwain,5.9,37207,-0.039,0.348,76,27,27,41,24159,Fair
SME0863,Professional Services,Umm Al Quwain,6.5,32091,-0.164,0.162,68,24,8,34,24995,Excellent
SME0864,Construction,Abu Dhabi,11.4,33349,0.126,0.15,55,9,31,5,28006,Excellent
SME0865,Retail,Abu Dhabi,4.6,43288,0.125,0.404,75,71,22,41,43839,Excellent
SME0866,Trading,Ras Al Khaimah,1.5,76620,-0.098,0.067,104,38,18,43,59637,Excellent
SME0867,Trading,Fujairah,2.6,38722,0.042,0.214,88,23,46,35,38095,Good
SME0868,Professional Services,Dubai,4.3,52607,-0.35,0.126,126,115,6,19,56429,Good
SME0869,Retail,Abu Dhabi,1.7,19683,0.284,0.272,67,143,27,66,26425,Good
SME0870,E-commerce,Ajman,2.3,52811,-0.09,0.431,99,17,3,12,35619,Good
SME0871,Manufacturing,Dubai,2.6,514518,0.072,0.311,1108,35,39,55,407699,Good
SME0872,Retail,Abu Dhabi,4.1,153745,-0.234,0.143,291,34,46,12,188265,Fair
SME0873,Hospitality,Umm Al Quwain,7.3,134341,-0.048,0.069,429,22,31,51,95297,Good
SME0874,Logistics,Umm Al Quwain,3.9,60476,0.018,0.219,123,70,20,13,81452,Excellent
SME0875,Manufacturing,Ras Al Khaimah,7.6,50260,0.078,0.4,106,9,61,49,38550,Fair
SME0876,Trading,Ajman,5.1,57999,0.186,0.208,124,99,64,76,68646,Fair
SME0877,F&B,Dubai,2.4,89389,0.397,0.176,243,42,35,76,122927,Good
SME0878,Logistics,Dubai,6.6,296652,0.241,0.217,500,110,69,65,290569,Excellent
SME0879,Healthcare,Abu Dhabi,5.9,281907,0.292,0.438,405,40,15,27,420517,Excellent
SME0880,Construction,Abu Dhabi,7.8,298350,0.398,0.072,942,33,26,17,393403,Excellent
SME0881,F&B,Abu Dhabi,8.9,49541,0.205,0.378,92,73,4,24,59061,Fair
SME0882,Healthcare,Abu Dhabi,11.6,133678,0.072,0.503,1277,109,12,52,207551,Good
SME0883,Trading,Dubai,7.5,116231,0.302,0.513,219,99,11,41,153829,Excellent
SME0884,F&B,Sharjah,5.8,78157,0.316,0.274,346,13,38,102,84084,Excellent
SME0885,E-commerce,Dubai,7.8,708794,0.223,0.144,1831,85,13,18,1258050,Excellent
SME0886,Logistics,Dubai,3.6,31719,-0.24,0.414,108,32,6,79,19312,Excellent
SME0887,F&B,Dubai,3.4,75963,-0.105,0.143,179,37,17,26,63896,Good
SME0888,Retail,Dubai,12.7,305586,0.02,0.02,555,32,19,12,354835,Good
SME0889,E-commerce,Ras Al Khaimah,3.4,36089,0.252,0.283,159,27,10,34,32340,Fair
SME0890,Manufacturing,Abu Dhabi,2.6,107306,0.075,0.186,264,35,29,40,114990,Fair
SME0891,Logistics,Dubai,7.5,90462,0.33,0.56,233,21,33,62,73016,Poor
SME0892,Hospitality,Sharjah,3.7,94750,0.369,0.114,148,85,8,18,120777,Fair
SME0893,E-commerce,Abu Dhabi,8.8,32312,0.344,0.136,64,60,42,33,43559,Poor
SME0894,Retail,Dubai,11.1,180953,0.345,0.509,586,46,14,28,269982,Poor
SME0895,Professional Services,Dubai,2.9,172989,-0.148,0.202,440,32,19,21,182972,Good
SME0896,Trading,Dubai,8.1,235294,0.186,0.295,370,29,37,74,223593,Excellent
SME0897,E-commerce,Sharjah,3.3,59871,-0.054,0.388,112,52,19,41,48886,Excellent
SME0898,E-commerce,Dubai,4.4,135036,-0.283,0.132,397,47,12,3,136428,Good
SME0899,E-commerce,Dubai,6.4,58410,0.017,0.325,140,76,28,34,54654,Fair
SME0900,Construction,Dubai,3.4,131570,0.371,0.183,312,29,52,7,150726,Excellent
SME0901,F&B,Abu Dhabi,6.0,578347,0.181,0.246,1500,27,48,32,535115,Fair
SME0902,E-commerce,Dubai,4.6,136094,0.524,0.368,556,59,18,8,232262,Fair
SME0903,Retail,Ajman,8.9,39759,0.119,0.229,108,66,14,41,36993,Good
SME0904,F&B,Dubai,9.0,108095,0.619,0.317,175,137,16,7,163231,Good
SME0905,Hospitality,Abu Dhabi,3.5,36307,0.119,0.31,90,12,49,13,39454,Excellent
SME0906,Healthcare,Abu Dhabi,6.5,47248,0.085,0.251,108,88,16,47,39707,Good
SME0907,F&B,Abu Dhabi,9.8,38274,-0.201,0.165,82,44,67,27,47119,Excellent
SME0908,Retail,Dubai,2.3,74782,0.324,0.284,104,30,37,9,86733,Good
SME0909,E-commerce,Ajman,4.6,278225,-0.03,0.235,617,53,26,71,164157,Good
SME0910,Logistics,Ras Al Khaimah,6.3,231886,-0.062,0.222,399,52,17,20,292415,Excellent
SME0911,Professional Services,Dubai,2.2,153152,0.362,0.342,405,30,28,23,204302,Good
SME0912,Trading,Dubai,3.8,60017,0.335,0.337,143,13,12,24,81956,Good
SME0913,Trading,Ras Al Khaimah,14.3,96409,0.329,0.228,214,88,9,43,132493,Good
SME0914,Hospitality,Abu Dhabi,3.3,144349,0.0,0.134,404,26,37,21,118028,Poor
SME0915,Hospitality,Dubai,3.6,67152,0.069,0.219,158,23,26,25,68525,Excellent
SME0916,Hospitality,Dubai,7.4,90416,0.067,0.416,162,27,43,58,70560,Poor
SME0917,Retail,Sharjah,2.0,158761,0.252,0.313,449,64,32,53,197381,Excellent
SME0918,Retail,Sharjah,4.7,81109,0.422,0.431,180,33,17,24,93313,Excellent
SME0919,Logistics,Abu Dhabi,2.6,171874,0.161,0.615,321,28,48,25,161836,Poor
SME0920,Construction,Fujairah,6.0,675915,0.514,0.248,1925,51,19,2,803005,Fair
SME0921,Retail,Abu Dhabi,0.5,94270,0.277,0.29,162,47,57,31,135288,Good
SME0922,Professional Services,Dubai,5.4,267554,0.028,0.198,583,28,18,48,202305,Fair
SME0923,Healthcare,Abu Dhabi,6.4,210615,0.262,0.584,490,13,10,20,295360,Good
SME0924,Construction,Dubai,3.8,50154,0.455,0.667,240,64,63,64,58300,Fair
SME0925,E-commerce,Dubai,4.0,49165,0.52,0.226,121,47,18,6,75409,Excellent
SME0926,E-commerce,Dubai,3.5,61772,0.341,0.149,125,10,19,13,64373,Fair
SME0927,E-commerce,Dubai,4.6,60667,0.086,0.124,92,95,10,61,78603,Poor
SME0928,Trading,Sharjah,12.8,141453,0.032,0.304,273,9,25,47,125377,Fair
SME0929,Construction,Dubai,9.1,294328,0.207,0.213,503,24,11,6,333892,Fair
SME0930,Manufacturing,Abu Dhabi,4.6,539023,0.448,0.34,1768,25,61,7,683451,Fair
SME0931,Logistics,Sharjah,3.8,184299,0.175,0.205,424,28,21,41,211420,Good
SME0932,Logistics,Abu Dhabi,8.6,97104,0.18,0.224,163,28,14,36,81016,Good
SME0933,F&B,Sharjah,5.7,18000,0.091,0.368,52,18,28,22,17970,Fair
SME0934,Professional Services,Ajman,2.2,104260,0.008,0.355,184,44,93,63,98987,Good
SME0935,Professional Services,Sharjah,4.2,100363,0.044,0.306,187,70,28,16,101052,Good
SME0936,E-commerce,Dubai,11.9,146569,0.11,0.548,303,44,23,3,185353,Fair
SME0937,Hospitality,Abu Dhabi,7.2,686317,0.458,0.224,1672,49,27,43,1071280,Excellent
SME0938,Retail,Abu Dhabi,3.8,313172,0.027,0.236,944,33,44,50,204384,Fair
SME0939,Trading,Dubai,1.4,297680,0.092,0.078,449,43,42,17,288011,Fair
SME0940,Retail,Dubai,6.0,48158,-0.11,0.27,92,51,32,10,48055,Excellent
SME0941,E-commerce,Dubai,5.2,81123,0.238,0.195,165,60,50,4,127997,Excellent
SME0942,Professional Services,Abu Dhabi,4.5,90583,0.381,0.109,226,26,28,27,117139,Fair
SME0943,E-commerce,Dubai,8.6,64904,0.437,0.38,143,24,24,34,79383,Excellent
SME0944,F&B,Dubai,7.3,141900,0.125,0.313,302,7,28,52,102410,Poor
SME0945,F&B,Ajman,1.5,125600,0.206,0.699,252,111,18,36,127704,Excellent
SME0946,E-commerce,Fujairah,5.2,49747,0.046,0.522,92,107,45,18,47496,Excellent
SME0947,Manufacturing,Dubai,1.8,512944,0.196,0.029,1440,39,18,31,481097,Excellent
SME0948,Trading,Fujairah,3.5,166614,0.149,0.346,608,40,5,54,126232,Fair
SME0949,Trading,Dubai,1.7,35128,0.093,0.215,76,92,8,34,34003,Good
SME0950,Logistics,Fujairah,1.7,135771,0.11,0.045,565,18,34,49,123855,Fair
SME0951,Construction,Fujairah,6.5,221689,0.179,0.137,539,23,16,11,257553,Poor
SME0952,E-commerce,Dubai,6.1,286827,0.015,0.213,738,95,43,42,242475,Good
SME0953,E-commerce,Sharjah,4.9,94175,0.027,0.54,185,33,26,36,89492,Excellent
SME0954,E-commerce,Umm Al Quwain,3.3,253599,0.456,0.2,369,20,45,21,261460,Excellent
SME0955,Hospitality,Ras Al Khaimah,1.6,134304,0.65,0.146,620,52,6,54,189987,Fair
SME0956,Trading,Umm Al Quwain,3.6,49945,-0.185,0.047,69,26,18,89,41424,Excellent
SME0957,Professional Services,Abu Dhabi,6.1,29488,-0.197,0.102,70,86,14,5,37169,Poor
SME0958,Construction,Dubai,6.0,453241,-0.131,0.212,922,43,104,22,318043,Fair
SME0959,F&B,Ajman,11.8,256291,0.057,0.322,915,27,20,26,218275,Good
SME0960,Construction,Abu Dhabi,10.7,229688,0.277,0.075,403,28,8,27,291638,Good
SME0961,Construction,Abu Dhabi,5.1,622410,0.21,0.24,1368,51,33,17,641445,Poor
SME0962,F&B,Dubai,3.5,227658,0.118,0.366,514,36,13,6,324479,Fair
SME0963,Retail,Abu Dhabi,2.7,195064,0.196,0.083,897,33,48,23,207211,Fair
SME0964,Retail,Dubai,1.4,50281,-0.072,0.329,110,62,53,26,37628,Good
SME0965,Hospitality,Sharjah,2.0,499071,0.026,0.244,905,92,14,21,632914,Good
SME0966,F&B,Dubai,6.1,146289,0.076,0.203,347,57,16,26,177891,Good
SME0967,Hospitality,Sharjah,7.6,82523,-0.269,0.154,140,25,31,32,68292,Poor
SME0968,E-commerce,Ajman,4.1,71092,-0.175,0.156,121,20,49,23,76824,Good
SME0969,Construction,Abu Dhabi,19.8,217134,-0.167,0.465,582,60,34,16,290519,Fair
SME0970,E-commerce,Abu Dhabi,2.0,30314,0.248,0.289,47,57,20,26,30075,Excellent
SME0971,E-commerce,Dubai,1.2,227404,0.134,0.546,499,31,10,33,170929,Fair
SME0972,Retail,Fujairah,19.5,48507,0.214,0.302,106,36,71,28,48434,Good
SME0973,Retail,Sharjah,1.5,149495,-0.325,0.113,324,26,34,93,99664,Fair
SME0974,Trading,Dubai,4.0,98036,-0.246,0.417,214,20,80,35,84744,Excellent
SME0975,Logistics,Dubai,2.9,113279,0.226,0.341,843,27,37,27,107279,Poor
SME0976,Healthcare,Dubai,6.4,68799,-0.35,0.514,161,6,74,15,71907,Fair
SME0977,F&B,Abu Dhabi,3.8,80857,0.349,0.26,282,77,15,15,107380,Good
SME0978,F&B,Fujairah,7.6,462062,-0.321,0.506,716,16,16,21,463372,Good
SME0979,Construction,Sharjah,8.7,566541,0.266,0.144,885,39,23,22,823770,Good
SME0980,E-commerce,Dubai,1.4,169578,-0.115,0.126,307,8,14,21,104218,Good
SME0981,Hospitality,Ras Al Khaimah,2.6,112116,0.311,0.332,266,56,7,36,120972,Excellent
SME0982,Professional Services,Dubai,8.1,201231,0.65,0.162,612,65,17,53,265824,Good
SME0983,Manufacturing,Ras Al Khaimah,9.9,484612,-0.35,0.47,1306,41,37,43,537204,Good
SME0984,F&B,Dubai,5.6,45804,0.233,0.087,67,38,11,40,46227,Good
SME0985,Retail,Abu Dhabi,6.7,102148,-0.318,0.083,278,26,12,13,113691,Fair
SME0986,Trading,Fujairah,12.2,32461,0.174,0.181,194,76,18,58,37349,Good
SME0987,Logistics,Dubai,3.9,368428,0.035,0.067,642,14,13,14,322580,Excellent
SME0988,Retail,Sharjah,5.6,631132,0.109,0.264,1002,30,18,33,765004,Fair
SME0989,Logistics,Umm Al Quwain,10.7,151818,-0.121,0.166,234,24,25,38,120472,Good
SME0990,Professional Services,Dubai,11.1,18000,0.252,0.069,31,23,11,59,20302,Fair
SME0991,Healthcare,Dubai,4.7,219669,-0.239,0.02,370,75,18,82,189256,Poor
SME0992,Professional Services,Sharjah,2.7,45532,0.353,0.158,100,36,26,21,44573,Fair
SME0993,Professional Services,Dubai,4.6,55871,-0.01,0.02,278,26,15,31,35106,Good
SME0994,E-commerce,Dubai,4.9,213705,-0.229,0.13,471,48,10,56,153447,Good
SME0995,Trading,Abu Dhabi,2.6,189632,0.431,0.328,361,46,15,87,249801,Fair
SME0996,F&B,Sharjah,2.9,61242,0.065,0.332,141,65,21,22,64665,Fair
SME0997,Healthcare,Dubai,11.1,75369,0.5,0.424,176,51,7,14,111913,Excellent
SME0998,Retail,Dubai,6.9,121414,0.349,0.217,363,38,37,9,123546,Good
SME0999,Hospitality,Ajman,4.1,80882,-0.096,0.344,245,39,21,6,88130,Fair
SME1000,E-commerce,Abu Dhabi,2.1,48870,0.061,0.078,73,13,15,16,52657,Fair
